"LOCATION","Location","WATER_SOURCE","Water source","TIME","Time","Value","Flag Codes","Flags"
"USA1","United States","FRESHWATER","Freshwater","2019","2019",75.97225,,
"USA1","United States","FRESHWATER","Freshwater","2020","2020",76.86793,,
"USA1","United States","FRESHWATER","Freshwater","2021","2021",77.72686,,
"USA1","United States","FRESHWATER","Freshwater","2022","2022",78.55104,,
"USA1","United States","FRESHWATER","Freshwater","2023","2023",79.2989,,
"USA1","United States","FRESHWATER","Freshwater","2024","2024",79.97288,,
"USA1","United States","FRESHWATER","Freshwater","2025","2025",80.57034,,
"USA1","United States","FRESHWATER","Freshwater","2026","2026",81.08934,,
"USA1","United States","FRESHWATER","Freshwater","2027","2027",81.52845,,
"USA1","United States","FRESHWATER","Freshwater","2028","2028",81.8866,,
"USA1","United States","FRESHWATER","Freshwater","2029","2029",82.16483,,
"USA1","United States","FRESHWATER","Freshwater","2030","2030",82.36567,,
"USA1","United States","FRESHWATER","Freshwater","2031","2031",82.49449,,
"USA1","United States","FRESHWATER","Freshwater","2032","2032",82.5473,,
"USA1","United States","FRESHWATER","Freshwater","2033","2033",82.52441,,
"USA1","United States","FRESHWATER","Freshwater","2034","2034",82.42628,,
"USA1","United States","FRESHWATER","Freshwater","2035","2035",82.2541,,
"USA1","United States","FRESHWATER","Freshwater","2036","2036",82.00885,,
"USA1","United States","FRESHWATER","Freshwater","2037","2037",81.69324,,
"USA1","United States","FRESHWATER","Freshwater","2038","2038",81.37416,,
"USA1","United States","FRESHWATER","Freshwater","2039","2039",81.05712,,
"USA1","United States","FRESHWATER","Freshwater","2040","2040",80.75597,,
"USA1","United States","FRESHWATER","Freshwater","2041","2041",80.46963,,
"USA1","United States","FRESHWATER","Freshwater","2042","2042",80.19714,,
"USA1","United States","FRESHWATER","Freshwater","2043","2043",79.9382,,
"USA1","United States","FRESHWATER","Freshwater","2044","2044",79.69305,,
"USA1","United States","FRESHWATER","Freshwater","2045","2045",79.46098,,
"USA1","United States","FRESHWATER","Freshwater","2046","2046",79.24175,,
"USA1","United States","FRESHWATER","Freshwater","2047","2047",79.03452,,
"USA1","United States","FRESHWATER","Freshwater","2048","2048",78.84026,,
"USA1","United States","FRESHWATER","Freshwater","2049","2049",78.65721,,
"USA1","United States","FRESHWATER","Freshwater","2050","2050",78.48787,,
"USA1","United States","FRESHWATER","Freshwater","2051","2051",78.33125,,
"USA1","United States","FRESHWATER","Freshwater","2052","2052",78.18673,,
"USA1","United States","FRESHWATER","Freshwater","2053","2053",78.05427,,
"USA1","United States","FRESHWATER","Freshwater","2054","2054",77.93373,,
"USA1","United States","FRESHWATER","Freshwater","2055","2055",77.82463,,
"USA1","United States","FRESHWATER","Freshwater","2056","2056",77.72664,,
"USA1","United States","FRESHWATER","Freshwater","2057","2057",77.63973,,
"USA1","United States","FRESHWATER","Freshwater","2058","2058",77.5635,,
"USA1","United States","FRESHWATER","Freshwater","2059","2059",77.49776,,
"USA1","United States","FRESHWATER","Freshwater","2060","2060",77.44176,,
"OE6","OECD Non-EU","OCEAN","Ocean","2019","2019",10.0362012,,
"OE6","OECD Non-EU","OCEAN","Ocean","2020","2020",10.40808855,,
"OE6","OECD Non-EU","OCEAN","Ocean","2021","2021",10.78268737,,
"OE6","OECD Non-EU","OCEAN","Ocean","2022","2022",11.15955716,,
"OE6","OECD Non-EU","OCEAN","Ocean","2023","2023",11.53769229,,
"OE6","OECD Non-EU","OCEAN","Ocean","2024","2024",11.9163143,,
"OE6","OECD Non-EU","OCEAN","Ocean","2025","2025",12.294946,,
"OE6","OECD Non-EU","OCEAN","Ocean","2026","2026",12.67278975,,
"OE6","OECD Non-EU","OCEAN","Ocean","2027","2027",13.04939738,,
"OE6","OECD Non-EU","OCEAN","Ocean","2028","2028",13.42364785,,
"OE6","OECD Non-EU","OCEAN","Ocean","2029","2029",13.79594038,,
"OE6","OECD Non-EU","OCEAN","Ocean","2030","2030",14.16508474,,
"OE6","OECD Non-EU","OCEAN","Ocean","2031","2031",14.53108347,,
"OE6","OECD Non-EU","OCEAN","Ocean","2032","2032",14.89344702,,
"OE6","OECD Non-EU","OCEAN","Ocean","2033","2033",15.25195119,,
"OE6","OECD Non-EU","OCEAN","Ocean","2034","2034",15.6060397,,
"OE6","OECD Non-EU","OCEAN","Ocean","2035","2035",15.95522809,,
"OE6","OECD Non-EU","OCEAN","Ocean","2036","2036",16.29938715,,
"OE6","OECD Non-EU","OCEAN","Ocean","2037","2037",16.6380555,,
"OE6","OECD Non-EU","OCEAN","Ocean","2038","2038",16.97040949,,
"OE6","OECD Non-EU","OCEAN","Ocean","2039","2039",17.29641168,,
"OE6","OECD Non-EU","OCEAN","Ocean","2040","2040",17.61550561,,
"OE6","OECD Non-EU","OCEAN","Ocean","2041","2041",17.92737553,,
"OE6","OECD Non-EU","OCEAN","Ocean","2042","2042",18.23163504,,
"OE6","OECD Non-EU","OCEAN","Ocean","2043","2043",18.52757739,,
"OE6","OECD Non-EU","OCEAN","Ocean","2044","2044",18.81501693,,
"OE6","OECD Non-EU","OCEAN","Ocean","2045","2045",19.09351293,,
"OE6","OECD Non-EU","OCEAN","Ocean","2046","2046",19.36295244,,
"OE6","OECD Non-EU","OCEAN","Ocean","2047","2047",19.62277872,,
"OE6","OECD Non-EU","OCEAN","Ocean","2048","2048",19.87299116,,
"OE6","OECD Non-EU","OCEAN","Ocean","2049","2049",20.11355667,,
"OE6","OECD Non-EU","OCEAN","Ocean","2050","2050",20.34496239,,
"OE6","OECD Non-EU","OCEAN","Ocean","2051","2051",20.56808635,,
"OE6","OECD Non-EU","OCEAN","Ocean","2052","2052",20.78309405,,
"OE6","OECD Non-EU","OCEAN","Ocean","2053","2053",20.9903811,,
"OE6","OECD Non-EU","OCEAN","Ocean","2054","2054",21.1905701,,
"OE6","OECD Non-EU","OCEAN","Ocean","2055","2055",21.38397949,,
"OE6","OECD Non-EU","OCEAN","Ocean","2056","2056",21.57073209,,
"OE6","OECD Non-EU","OCEAN","Ocean","2057","2057",21.75139628,,
"OE6","OECD Non-EU","OCEAN","Ocean","2058","2058",21.92587689,,
"OE6","OECD Non-EU","OCEAN","Ocean","2059","2059",22.09507234,,
"OE6","OECD Non-EU","OCEAN","Ocean","2060","2060",22.25881934,,
"CHN1","China","FRESHWATER","Freshwater","2019","2019",185.21154,,
"CHN1","China","FRESHWATER","Freshwater","2020","2020",192.89933,,
"CHN1","China","FRESHWATER","Freshwater","2021","2021",200.62524,,
"CHN1","China","FRESHWATER","Freshwater","2022","2022",208.30599,,
"CHN1","China","FRESHWATER","Freshwater","2023","2023",215.86837,,
"CHN1","China","FRESHWATER","Freshwater","2024","2024",223.36566,,
"CHN1","China","FRESHWATER","Freshwater","2025","2025",230.80526,,
"CHN1","China","FRESHWATER","Freshwater","2026","2026",238.1851,,
"CHN1","China","FRESHWATER","Freshwater","2027","2027",245.5018,,
"CHN1","China","FRESHWATER","Freshwater","2028","2028",252.7562,,
"CHN1","China","FRESHWATER","Freshwater","2029","2029",259.9556,,
"CHN1","China","FRESHWATER","Freshwater","2030","2030",267.1058,,
"CHN1","China","FRESHWATER","Freshwater","2031","2031",274.2744,,
"CHN1","China","FRESHWATER","Freshwater","2032","2032",281.4188,,
"CHN1","China","FRESHWATER","Freshwater","2033","2033",288.5436,,
"CHN1","China","FRESHWATER","Freshwater","2034","2034",295.661,,
"CHN1","China","FRESHWATER","Freshwater","2035","2035",302.7803,,
"CHN1","China","FRESHWATER","Freshwater","2036","2036",309.9016,,
"CHN1","China","FRESHWATER","Freshwater","2037","2037",317.018,,
"CHN1","China","FRESHWATER","Freshwater","2038","2038",324.1228,,
"CHN1","China","FRESHWATER","Freshwater","2039","2039",331.2115,,
"CHN1","China","FRESHWATER","Freshwater","2040","2040",338.22,,
"CHN1","China","FRESHWATER","Freshwater","2041","2041",345.1538,,
"CHN1","China","FRESHWATER","Freshwater","2042","2042",352.0095,,
"CHN1","China","FRESHWATER","Freshwater","2043","2043",358.7847,,
"CHN1","China","FRESHWATER","Freshwater","2044","2044",365.4717,,
"CHN1","China","FRESHWATER","Freshwater","2045","2045",372.0592,,
"CHN1","China","FRESHWATER","Freshwater","2046","2046",378.5379,,
"CHN1","China","FRESHWATER","Freshwater","2047","2047",384.8964,,
"CHN1","China","FRESHWATER","Freshwater","2048","2048",391.1218,,
"CHN1","China","FRESHWATER","Freshwater","2049","2049",397.2033,,
"CHN1","China","FRESHWATER","Freshwater","2050","2050",403.1377,,
"CHN1","China","FRESHWATER","Freshwater","2051","2051",408.9113,,
"CHN1","China","FRESHWATER","Freshwater","2052","2052",414.5147,,
"CHN1","China","FRESHWATER","Freshwater","2053","2053",419.9372,,
"CHN1","China","FRESHWATER","Freshwater","2054","2054",425.1661,,
"CHN1","China","FRESHWATER","Freshwater","2055","2055",430.19,,
"CHN1","China","FRESHWATER","Freshwater","2056","2056",435.0003,,
"CHN1","China","FRESHWATER","Freshwater","2057","2057",439.6529,,
"CHN1","China","FRESHWATER","Freshwater","2058","2058",444.1676,,
"CHN1","China","FRESHWATER","Freshwater","2059","2059",448.5417,,
"CHN1","China","FRESHWATER","Freshwater","2060","2060",452.7752,,
"OAM","Other OECD America","OCEAN","Ocean","2019","2019",7.35934505,,
"OAM","Other OECD America","OCEAN","Ocean","2020","2020",7.69398283,,
"OAM","Other OECD America","OCEAN","Ocean","2021","2021",8.03528431,,
"OAM","Other OECD America","OCEAN","Ocean","2022","2022",8.38267739,,
"OAM","Other OECD America","OCEAN","Ocean","2023","2023",8.73514119,,
"OAM","Other OECD America","OCEAN","Ocean","2024","2024",9.09237932,,
"OAM","Other OECD America","OCEAN","Ocean","2025","2025",9.45337087,,
"OAM","Other OECD America","OCEAN","Ocean","2026","2026",9.81775733,,
"OAM","Other OECD America","OCEAN","Ocean","2027","2027",10.18509517,,
"OAM","Other OECD America","OCEAN","Ocean","2028","2028",10.55453667,,
"OAM","Other OECD America","OCEAN","Ocean","2029","2029",10.92577926,,
"OAM","Other OECD America","OCEAN","Ocean","2030","2030",11.29865784,,
"OAM","Other OECD America","OCEAN","Ocean","2031","2031",11.67323015,,
"OAM","Other OECD America","OCEAN","Ocean","2032","2032",12.04894823,,
"OAM","Other OECD America","OCEAN","Ocean","2033","2033",12.42567359,,
"OAM","Other OECD America","OCEAN","Ocean","2034","2034",12.80335918,,
"OAM","Other OECD America","OCEAN","Ocean","2035","2035",13.18217888,,
"OAM","Other OECD America","OCEAN","Ocean","2036","2036",13.56120795,,
"OAM","Other OECD America","OCEAN","Ocean","2037","2037",13.94077016,,
"OAM","Other OECD America","OCEAN","Ocean","2038","2038",14.32040941,,
"OAM","Other OECD America","OCEAN","Ocean","2039","2039",14.7000979,,
"OAM","Other OECD America","OCEAN","Ocean","2040","2040",15.08035249,,
"OAM","Other OECD America","OCEAN","Ocean","2041","2041",15.4617941,,
"OAM","Other OECD America","OCEAN","Ocean","2042","2042",15.84415786,,
"OAM","Other OECD America","OCEAN","Ocean","2043","2043",16.22786406,,
"OAM","Other OECD America","OCEAN","Ocean","2044","2044",16.61305907,,
"OAM","Other OECD America","OCEAN","Ocean","2045","2045",16.99976496,,
"OAM","Other OECD America","OCEAN","Ocean","2046","2046",17.38802023,,
"OAM","Other OECD America","OCEAN","Ocean","2047","2047",17.77807745,,
"OAM","Other OECD America","OCEAN","Ocean","2048","2048",18.16966556,,
"OAM","Other OECD America","OCEAN","Ocean","2049","2049",18.56280479,,
"OAM","Other OECD America","OCEAN","Ocean","2050","2050",18.95706346,,
"OAM","Other OECD America","OCEAN","Ocean","2051","2051",19.35176929,,
"OAM","Other OECD America","OCEAN","Ocean","2052","2052",19.7467185,,
"OAM","Other OECD America","OCEAN","Ocean","2053","2053",20.14178663,,
"OAM","Other OECD America","OCEAN","Ocean","2054","2054",20.53623615,,
"OAM","Other OECD America","OCEAN","Ocean","2055","2055",20.92946533,,
"OAM","Other OECD America","OCEAN","Ocean","2056","2056",21.32133744,,
"OAM","Other OECD America","OCEAN","Ocean","2057","2057",21.71156649,,
"OAM","Other OECD America","OCEAN","Ocean","2058","2058",22.09938311,,
"OAM","Other OECD America","OCEAN","Ocean","2059","2059",22.48513059,,
"OAM","Other OECD America","OCEAN","Ocean","2060","2060",22.86846004,,
"OAF","Other Africa","OCEAN","Ocean","2019","2019",20.83152045,,
"OAF","Other Africa","OCEAN","Ocean","2020","2020",22.31861459,,
"OAF","Other Africa","OCEAN","Ocean","2021","2021",23.86250515,,
"OAF","Other Africa","OCEAN","Ocean","2022","2022",25.45990251,,
"OAF","Other Africa","OCEAN","Ocean","2023","2023",27.10486328,,
"OAF","Other Africa","OCEAN","Ocean","2024","2024",28.79479715,,
"OAF","Other Africa","OCEAN","Ocean","2025","2025",30.52723112,,
"OAF","Other Africa","OCEAN","Ocean","2026","2026",32.30046605,,
"OAF","Other Africa","OCEAN","Ocean","2027","2027",34.11265439,,
"OAF","Other Africa","OCEAN","Ocean","2028","2028",35.96225526,,
"OAF","Other Africa","OCEAN","Ocean","2029","2029",37.84933374,,
"OAF","Other Africa","OCEAN","Ocean","2030","2030",39.77560865,,
"OAF","Other Africa","OCEAN","Ocean","2031","2031",41.74306027,,
"OAF","Other Africa","OCEAN","Ocean","2032","2032",43.75285519,,
"OAF","Other Africa","OCEAN","Ocean","2033","2033",45.80593485,,
"OAF","Other Africa","OCEAN","Ocean","2034","2034",47.90360626,,
"OAF","Other Africa","OCEAN","Ocean","2035","2035",50.04793564,,
"OAF","Other Africa","OCEAN","Ocean","2036","2036",52.23972806,,
"OAF","Other Africa","OCEAN","Ocean","2037","2037",54.4795702,,
"OAF","Other Africa","OCEAN","Ocean","2038","2038",56.76864924,,
"OAF","Other Africa","OCEAN","Ocean","2039","2039",59.10791909,,
"OAF","Other Africa","OCEAN","Ocean","2040","2040",61.49624291,,
"OAF","Other Africa","OCEAN","Ocean","2041","2041",63.93391354,,
"OAF","Other Africa","OCEAN","Ocean","2042","2042",66.42113663,,
"OAF","Other Africa","OCEAN","Ocean","2043","2043",68.9583389,,
"OAF","Other Africa","OCEAN","Ocean","2044","2044",71.5457897,,
"OAF","Other Africa","OCEAN","Ocean","2045","2045",74.1840886,,
"OAF","Other Africa","OCEAN","Ocean","2046","2046",76.873575,,
"OAF","Other Africa","OCEAN","Ocean","2047","2047",79.614807,,
"OAF","Other Africa","OCEAN","Ocean","2048","2048",82.4078139,,
"OAF","Other Africa","OCEAN","Ocean","2049","2049",85.2530174,,
"OAF","Other Africa","OCEAN","Ocean","2050","2050",88.1530408,,
"OAF","Other Africa","OCEAN","Ocean","2051","2051",91.1090594,,
"OAF","Other Africa","OCEAN","Ocean","2052","2052",94.1220993,,
"OAF","Other Africa","OCEAN","Ocean","2053","2053",97.1932194,,
"OAF","Other Africa","OCEAN","Ocean","2054","2054",100.3238043,,
"OAF","Other Africa","OCEAN","Ocean","2055","2055",103.5147122,,
"OAF","Other Africa","OCEAN","Ocean","2056","2056",106.7667382,,
"OAF","Other Africa","OCEAN","Ocean","2057","2057",110.0803653,,
"OAF","Other Africa","OCEAN","Ocean","2058","2058",113.4559101,,
"OAF","Other Africa","OCEAN","Ocean","2059","2059",116.8937674,,
"OAF","Other Africa","OCEAN","Ocean","2060","2060",120.3937065,,
"ODA","Other non-OECD Asia","FRESHWATER","Freshwater","2019","2019",65.81956,,
"ODA","Other non-OECD Asia","FRESHWATER","Freshwater","2020","2020",70.49318,,
"ODA","Other non-OECD Asia","FRESHWATER","Freshwater","2021","2021",75.21864,,
"ODA","Other non-OECD Asia","FRESHWATER","Freshwater","2022","2022",79.95342,,
"ODA","Other non-OECD Asia","FRESHWATER","Freshwater","2023","2023",84.68146,,
"ODA","Other non-OECD Asia","FRESHWATER","Freshwater","2024","2024",89.44594,,
"ODA","Other non-OECD Asia","FRESHWATER","Freshwater","2025","2025",94.24555,,
"ODA","Other non-OECD Asia","FRESHWATER","Freshwater","2026","2026",99.07581,,
"ODA","Other non-OECD Asia","FRESHWATER","Freshwater","2027","2027",103.926,,
"ODA","Other non-OECD Asia","FRESHWATER","Freshwater","2028","2028",108.79406,,
"ODA","Other non-OECD Asia","FRESHWATER","Freshwater","2029","2029",113.6828,,
"ODA","Other non-OECD Asia","FRESHWATER","Freshwater","2030","2030",118.57256,,
"ODA","Other non-OECD Asia","FRESHWATER","Freshwater","2031","2031",123.50972,,
"ODA","Other non-OECD Asia","FRESHWATER","Freshwater","2032","2032",128.4559,,
"ODA","Other non-OECD Asia","FRESHWATER","Freshwater","2033","2033",133.4085,,
"ODA","Other non-OECD Asia","FRESHWATER","Freshwater","2034","2034",138.36751,,
"ODA","Other non-OECD Asia","FRESHWATER","Freshwater","2035","2035",143.33695,,
"ODA","Other non-OECD Asia","FRESHWATER","Freshwater","2036","2036",148.31977,,
"ODA","Other non-OECD Asia","FRESHWATER","Freshwater","2037","2037",153.31324,,
"ODA","Other non-OECD Asia","FRESHWATER","Freshwater","2038","2038",158.31844,,
"ODA","Other non-OECD Asia","FRESHWATER","Freshwater","2039","2039",163.33972,,
"ODA","Other non-OECD Asia","FRESHWATER","Freshwater","2040","2040",168.34802,,
"ODA","Other non-OECD Asia","FRESHWATER","Freshwater","2041","2041",173.35989,,
"ODA","Other non-OECD Asia","FRESHWATER","Freshwater","2042","2042",178.38388,,
"ODA","Other non-OECD Asia","FRESHWATER","Freshwater","2043","2043",183.42602,,
"ODA","Other non-OECD Asia","FRESHWATER","Freshwater","2044","2044",188.48826,,
"ODA","Other non-OECD Asia","FRESHWATER","Freshwater","2045","2045",193.56836,,
"ODA","Other non-OECD Asia","FRESHWATER","Freshwater","2046","2046",198.66232,,
"ODA","Other non-OECD Asia","FRESHWATER","Freshwater","2047","2047",203.76312,,
"ODA","Other non-OECD Asia","FRESHWATER","Freshwater","2048","2048",208.86462,,
"ODA","Other non-OECD Asia","FRESHWATER","Freshwater","2049","2049",213.96023,,
"ODA","Other non-OECD Asia","FRESHWATER","Freshwater","2050","2050",219.05572,,
"ODA","Other non-OECD Asia","FRESHWATER","Freshwater","2051","2051",224.14345,,
"ODA","Other non-OECD Asia","FRESHWATER","Freshwater","2052","2052",229.21737,,
"ODA","Other non-OECD Asia","FRESHWATER","Freshwater","2053","2053",234.26991,,
"ODA","Other non-OECD Asia","FRESHWATER","Freshwater","2054","2054",239.29516,,
"ODA","Other non-OECD Asia","FRESHWATER","Freshwater","2055","2055",244.28721,,
"ODA","Other non-OECD Asia","FRESHWATER","Freshwater","2056","2056",249.24014,,
"ODA","Other non-OECD Asia","FRESHWATER","Freshwater","2057","2057",254.14731,,
"ODA","Other non-OECD Asia","FRESHWATER","Freshwater","2058","2058",259.00279,,
"ODA","Other non-OECD Asia","FRESHWATER","Freshwater","2059","2059",263.79506,,
"ODA","Other non-OECD Asia","FRESHWATER","Freshwater","2060","2060",268.52075,,
"OPA","OECD Asia","FRESHWATER","Freshwater","2019","2019",12.320953,,
"OPA","OECD Asia","FRESHWATER","Freshwater","2020","2020",12.375351,,
"OPA","OECD Asia","FRESHWATER","Freshwater","2021","2021",12.433012,,
"OPA","OECD Asia","FRESHWATER","Freshwater","2022","2022",12.492018,,
"OPA","OECD Asia","FRESHWATER","Freshwater","2023","2023",12.530848,,
"OPA","OECD Asia","FRESHWATER","Freshwater","2024","2024",12.549564,,
"OPA","OECD Asia","FRESHWATER","Freshwater","2025","2025",12.547855,,
"OPA","OECD Asia","FRESHWATER","Freshwater","2026","2026",12.546057,,
"OPA","OECD Asia","FRESHWATER","Freshwater","2027","2027",12.545656,,
"OPA","OECD Asia","FRESHWATER","Freshwater","2028","2028",12.545843,,
"OPA","OECD Asia","FRESHWATER","Freshwater","2029","2029",12.545959,,
"OPA","OECD Asia","FRESHWATER","Freshwater","2030","2030",12.549256,,
"OPA","OECD Asia","FRESHWATER","Freshwater","2031","2031",12.555884,,
"OPA","OECD Asia","FRESHWATER","Freshwater","2032","2032",12.565094,,
"OPA","OECD Asia","FRESHWATER","Freshwater","2033","2033",12.576048,,
"OPA","OECD Asia","FRESHWATER","Freshwater","2034","2034",12.5889,,
"OPA","OECD Asia","FRESHWATER","Freshwater","2035","2035",12.603211,,
"OPA","OECD Asia","FRESHWATER","Freshwater","2036","2036",12.61855,,
"OPA","OECD Asia","FRESHWATER","Freshwater","2037","2037",12.634307,,
"OPA","OECD Asia","FRESHWATER","Freshwater","2038","2038",12.650682,,
"OPA","OECD Asia","FRESHWATER","Freshwater","2039","2039",12.666981,,
"OPA","OECD Asia","FRESHWATER","Freshwater","2040","2040",12.683148,,
"OPA","OECD Asia","FRESHWATER","Freshwater","2041","2041",12.699503,,
"OPA","OECD Asia","FRESHWATER","Freshwater","2042","2042",12.714941,,
"OPA","OECD Asia","FRESHWATER","Freshwater","2043","2043",12.730021,,
"OPA","OECD Asia","FRESHWATER","Freshwater","2044","2044",12.744146,,
"OPA","OECD Asia","FRESHWATER","Freshwater","2045","2045",12.757337,,
"OPA","OECD Asia","FRESHWATER","Freshwater","2046","2046",12.76914,,
"OPA","OECD Asia","FRESHWATER","Freshwater","2047","2047",12.780163,,
"OPA","OECD Asia","FRESHWATER","Freshwater","2048","2048",12.789642,,
"OPA","OECD Asia","FRESHWATER","Freshwater","2049","2049",12.798365,,
"OPA","OECD Asia","FRESHWATER","Freshwater","2050","2050",12.81,,
"OPA","OECD Asia","FRESHWATER","Freshwater","2051","2051",12.823693,,
"OPA","OECD Asia","FRESHWATER","Freshwater","2052","2052",12.839512,,
"OPA","OECD Asia","FRESHWATER","Freshwater","2053","2053",12.857251,,
"OPA","OECD Asia","FRESHWATER","Freshwater","2054","2054",12.876817,,
"OPA","OECD Asia","FRESHWATER","Freshwater","2055","2055",12.897646,,
"OPA","OECD Asia","FRESHWATER","Freshwater","2056","2056",12.919989,,
"OPA","OECD Asia","FRESHWATER","Freshwater","2057","2057",12.943717,,
"OPA","OECD Asia","FRESHWATER","Freshwater","2058","2058",12.96831,,
"OPA","OECD Asia","FRESHWATER","Freshwater","2059","2059",12.994163,,
"OPA","OECD Asia","FRESHWATER","Freshwater","2060","2060",13.020997,,
"RAN","Other Eurasia","OCEAN","Ocean","2019","2019",2.816689519,,
"RAN","Other Eurasia","OCEAN","Ocean","2020","2020",2.992492956,,
"RAN","Other Eurasia","OCEAN","Ocean","2021","2021",3.175505358,,
"RAN","Other Eurasia","OCEAN","Ocean","2022","2022",3.365433213,,
"RAN","Other Eurasia","OCEAN","Ocean","2023","2023",3.561965274,,
"RAN","Other Eurasia","OCEAN","Ocean","2024","2024",3.764905277,,
"RAN","Other Eurasia","OCEAN","Ocean","2025","2025",3.974024218,,
"RAN","Other Eurasia","OCEAN","Ocean","2026","2026",4.189119205,,
"RAN","Other Eurasia","OCEAN","Ocean","2027","2027",4.409931281,,
"RAN","Other Eurasia","OCEAN","Ocean","2028","2028",4.636272388,,
"RAN","Other Eurasia","OCEAN","Ocean","2029","2029",4.86799456,,
"RAN","Other Eurasia","OCEAN","Ocean","2030","2030",5.104935312,,
"RAN","Other Eurasia","OCEAN","Ocean","2031","2031",5.347013064,,
"RAN","Other Eurasia","OCEAN","Ocean","2032","2032",5.594115917,,
"RAN","Other Eurasia","OCEAN","Ocean","2033","2033",5.846114403,,
"RAN","Other Eurasia","OCEAN","Ocean","2034","2034",6.102928327,,
"RAN","Other Eurasia","OCEAN","Ocean","2035","2035",6.364477121,,
"RAN","Other Eurasia","OCEAN","Ocean","2036","2036",6.630650174,,
"RAN","Other Eurasia","OCEAN","Ocean","2037","2037",6.901348614,,
"RAN","Other Eurasia","OCEAN","Ocean","2038","2038",7.17653075,,
"RAN","Other Eurasia","OCEAN","Ocean","2039","2039",7.45606592,,
"RAN","Other Eurasia","OCEAN","Ocean","2040","2040",7.74001177,,
"RAN","Other Eurasia","OCEAN","Ocean","2041","2041",8.02834662,,
"RAN","Other Eurasia","OCEAN","Ocean","2042","2042",8.32096861,,
"RAN","Other Eurasia","OCEAN","Ocean","2043","2043",8.61826716,,
"RAN","Other Eurasia","OCEAN","Ocean","2044","2044",8.91978394,,
"RAN","Other Eurasia","OCEAN","Ocean","2045","2045",9.22561395,,
"RAN","Other Eurasia","OCEAN","Ocean","2046","2046",9.5358533,,
"RAN","Other Eurasia","OCEAN","Ocean","2047","2047",9.8499973,,
"RAN","Other Eurasia","OCEAN","Ocean","2048","2048",10.16853495,,
"RAN","Other Eurasia","OCEAN","Ocean","2049","2049",10.49116874,,
"RAN","Other Eurasia","OCEAN","Ocean","2050","2050",10.81770267,,
"RAN","Other Eurasia","OCEAN","Ocean","2051","2051",11.14807014,,
"RAN","Other Eurasia","OCEAN","Ocean","2052","2052",11.48233335,,
"RAN","Other Eurasia","OCEAN","Ocean","2053","2053",11.82012052,,
"RAN","Other Eurasia","OCEAN","Ocean","2054","2054",12.16148832,,
"RAN","Other Eurasia","OCEAN","Ocean","2055","2055",12.50626744,,
"RAN","Other Eurasia","OCEAN","Ocean","2056","2056",12.85413217,,
"RAN","Other Eurasia","OCEAN","Ocean","2057","2057",13.20520355,,
"RAN","Other Eurasia","OCEAN","Ocean","2058","2058",13.55947551,,
"RAN","Other Eurasia","OCEAN","Ocean","2059","2059",13.91643499,,
"RAN","Other Eurasia","OCEAN","Ocean","2060","2060",14.27632143,,
"LAM","Latin America","OCEAN","Ocean","2019","2019",19.08735423,,
"LAM","Latin America","OCEAN","Ocean","2020","2020",20.35700651,,
"LAM","Latin America","OCEAN","Ocean","2021","2021",21.66786082,,
"LAM","Latin America","OCEAN","Ocean","2022","2022",23.0181993,,
"LAM","Latin America","OCEAN","Ocean","2023","2023",24.40401278,,
"LAM","Latin America","OCEAN","Ocean","2024","2024",25.82425047,,
"LAM","Latin America","OCEAN","Ocean","2025","2025",27.27667933,,
"LAM","Latin America","OCEAN","Ocean","2026","2026",28.75843275,,
"LAM","Latin America","OCEAN","Ocean","2027","2027",30.26744259,,
"LAM","Latin America","OCEAN","Ocean","2028","2028",31.80113109,,
"LAM","Latin America","OCEAN","Ocean","2029","2029",33.35836671,,
"LAM","Latin America","OCEAN","Ocean","2030","2030",34.93749277,,
"LAM","Latin America","OCEAN","Ocean","2031","2031",36.53865006,,
"LAM","Latin America","OCEAN","Ocean","2032","2032",38.16102504,,
"LAM","Latin America","OCEAN","Ocean","2033","2033",39.8035066,,
"LAM","Latin America","OCEAN","Ocean","2034","2034",41.46567502,,
"LAM","Latin America","OCEAN","Ocean","2035","2035",43.14697975,,
"LAM","Latin America","OCEAN","Ocean","2036","2036",44.84624705,,
"LAM","Latin America","OCEAN","Ocean","2037","2037",46.56250404,,
"LAM","Latin America","OCEAN","Ocean","2038","2038",48.29471008,,
"LAM","Latin America","OCEAN","Ocean","2039","2039",50.04170683,,
"LAM","Latin America","OCEAN","Ocean","2040","2040",51.80344412,,
"LAM","Latin America","OCEAN","Ocean","2041","2041",53.57891278,,
"LAM","Latin America","OCEAN","Ocean","2042","2042",55.36821944,,
"LAM","Latin America","OCEAN","Ocean","2043","2043",57.17049768,,
"LAM","Latin America","OCEAN","Ocean","2044","2044",58.98522876,,
"LAM","Latin America","OCEAN","Ocean","2045","2045",60.81233285,,
"LAM","Latin America","OCEAN","Ocean","2046","2046",62.65044013,,
"LAM","Latin America","OCEAN","Ocean","2047","2047",64.4995622,,
"LAM","Latin America","OCEAN","Ocean","2048","2048",66.3585385,,
"LAM","Latin America","OCEAN","Ocean","2049","2049",68.2268813,,
"LAM","Latin America","OCEAN","Ocean","2050","2050",70.1030342,,
"LAM","Latin America","OCEAN","Ocean","2051","2051",71.9863141,,
"LAM","Latin America","OCEAN","Ocean","2052","2052",73.8750054,,
"LAM","Latin America","OCEAN","Ocean","2053","2053",75.7685362,,
"LAM","Latin America","OCEAN","Ocean","2054","2054",77.6655969,,
"LAM","Latin America","OCEAN","Ocean","2055","2055",79.5653018,,
"LAM","Latin America","OCEAN","Ocean","2056","2056",81.4664024,,
"LAM","Latin America","OCEAN","Ocean","2057","2057",83.3679247,,
"LAM","Latin America","OCEAN","Ocean","2058","2058",85.2682977,,
"LAM","Latin America","OCEAN","Ocean","2059","2059",87.1666672,,
"LAM","Latin America","OCEAN","Ocean","2060","2060",89.0617202,,
"O22","OECD EU ","FRESHWATER","Freshwater","2019","2019",82.62014,,
"O22","OECD EU ","FRESHWATER","Freshwater","2020","2020",83.47643,,
"O22","OECD EU ","FRESHWATER","Freshwater","2021","2021",84.3058,,
"O22","OECD EU ","FRESHWATER","Freshwater","2022","2022",85.09172,,
"O22","OECD EU ","FRESHWATER","Freshwater","2023","2023",85.79278,,
"O22","OECD EU ","FRESHWATER","Freshwater","2024","2024",86.41255,,
"O22","OECD EU ","FRESHWATER","Freshwater","2025","2025",86.94529,,
"O22","OECD EU ","FRESHWATER","Freshwater","2026","2026",87.3871,,
"O22","OECD EU ","FRESHWATER","Freshwater","2027","2027",87.73446,,
"O22","OECD EU ","FRESHWATER","Freshwater","2028","2028",87.98659,,
"O22","OECD EU ","FRESHWATER","Freshwater","2029","2029",88.1419,,
"O22","OECD EU ","FRESHWATER","Freshwater","2030","2030",88.21716,,
"O22","OECD EU ","FRESHWATER","Freshwater","2031","2031",88.27218,,
"O22","OECD EU ","FRESHWATER","Freshwater","2032","2032",88.30552,,
"O22","OECD EU ","FRESHWATER","Freshwater","2033","2033",88.3166,,
"O22","OECD EU ","FRESHWATER","Freshwater","2034","2034",88.31325,,
"O22","OECD EU ","FRESHWATER","Freshwater","2035","2035",88.29812,,
"O22","OECD EU ","FRESHWATER","Freshwater","2036","2036",88.27282,,
"O22","OECD EU ","FRESHWATER","Freshwater","2037","2037",88.23738,,
"O22","OECD EU ","FRESHWATER","Freshwater","2038","2038",88.19081,,
"O22","OECD EU ","FRESHWATER","Freshwater","2039","2039",88.133,,
"O22","OECD EU ","FRESHWATER","Freshwater","2040","2040",88.06499,,
"O22","OECD EU ","FRESHWATER","Freshwater","2041","2041",87.98639,,
"O22","OECD EU ","FRESHWATER","Freshwater","2042","2042",87.89683,,
"O22","OECD EU ","FRESHWATER","Freshwater","2043","2043",87.79539,,
"O22","OECD EU ","FRESHWATER","Freshwater","2044","2044",87.68177,,
"O22","OECD EU ","FRESHWATER","Freshwater","2045","2045",87.55523,,
"O22","OECD EU ","FRESHWATER","Freshwater","2046","2046",87.41574,,
"O22","OECD EU ","FRESHWATER","Freshwater","2047","2047",87.26187,,
"O22","OECD EU ","FRESHWATER","Freshwater","2048","2048",87.0937,,
"O22","OECD EU ","FRESHWATER","Freshwater","2049","2049",86.91047,,
"O22","OECD EU ","FRESHWATER","Freshwater","2050","2050",86.7177,,
"O22","OECD EU ","FRESHWATER","Freshwater","2051","2051",86.51517,,
"O22","OECD EU ","FRESHWATER","Freshwater","2052","2052",86.30143,,
"O22","OECD EU ","FRESHWATER","Freshwater","2053","2053",86.07675,,
"O22","OECD EU ","FRESHWATER","Freshwater","2054","2054",85.84161,,
"O22","OECD EU ","FRESHWATER","Freshwater","2055","2055",85.61084,,
"O22","OECD EU ","FRESHWATER","Freshwater","2056","2056",85.39005,,
"O22","OECD EU ","FRESHWATER","Freshwater","2057","2057",85.17972,,
"O22","OECD EU ","FRESHWATER","Freshwater","2058","2058",84.97893,,
"O22","OECD EU ","FRESHWATER","Freshwater","2059","2059",84.78809,,
"O22","OECD EU ","FRESHWATER","Freshwater","2060","2060",84.60641,,
"CAN1","Canada","FRESHWATER","Freshwater","2019","2019",11.259325,,
"CAN1","Canada","FRESHWATER","Freshwater","2020","2020",11.486261,,
"CAN1","Canada","FRESHWATER","Freshwater","2021","2021",11.70939,,
"CAN1","Canada","FRESHWATER","Freshwater","2022","2022",11.928774,,
"CAN1","Canada","FRESHWATER","Freshwater","2023","2023",12.13911,,
"CAN1","Canada","FRESHWATER","Freshwater","2024","2024",12.341737,,
"CAN1","Canada","FRESHWATER","Freshwater","2025","2025",12.536231,,
"CAN1","Canada","FRESHWATER","Freshwater","2026","2026",12.721892,,
"CAN1","Canada","FRESHWATER","Freshwater","2027","2027",12.898563,,
"CAN1","Canada","FRESHWATER","Freshwater","2028","2028",13.065668,,
"CAN1","Canada","FRESHWATER","Freshwater","2029","2029",13.223198,,
"CAN1","Canada","FRESHWATER","Freshwater","2030","2030",13.37077,,
"CAN1","Canada","FRESHWATER","Freshwater","2031","2031",13.510365,,
"CAN1","Canada","FRESHWATER","Freshwater","2032","2032",13.640484,,
"CAN1","Canada","FRESHWATER","Freshwater","2033","2033",13.761005,,
"CAN1","Canada","FRESHWATER","Freshwater","2034","2034",13.872483,,
"CAN1","Canada","FRESHWATER","Freshwater","2035","2035",13.974546,,
"CAN1","Canada","FRESHWATER","Freshwater","2036","2036",14.066806,,
"CAN1","Canada","FRESHWATER","Freshwater","2037","2037",14.149118,,
"CAN1","Canada","FRESHWATER","Freshwater","2038","2038",14.221637,,
"CAN1","Canada","FRESHWATER","Freshwater","2039","2039",14.283647,,
"CAN1","Canada","FRESHWATER","Freshwater","2040","2040",14.33522,,
"CAN1","Canada","FRESHWATER","Freshwater","2041","2041",14.37671,,
"CAN1","Canada","FRESHWATER","Freshwater","2042","2042",14.4077,,
"CAN1","Canada","FRESHWATER","Freshwater","2043","2043",14.42867,,
"CAN1","Canada","FRESHWATER","Freshwater","2044","2044",14.43913,,
"CAN1","Canada","FRESHWATER","Freshwater","2045","2045",14.43928,,
"CAN1","Canada","FRESHWATER","Freshwater","2046","2046",14.42904,,
"CAN1","Canada","FRESHWATER","Freshwater","2047","2047",14.40834,,
"CAN1","Canada","FRESHWATER","Freshwater","2048","2048",14.37721,,
"CAN1","Canada","FRESHWATER","Freshwater","2049","2049",14.33578,,
"CAN1","Canada","FRESHWATER","Freshwater","2050","2050",14.28694,,
"CAN1","Canada","FRESHWATER","Freshwater","2051","2051",14.23163,,
"CAN1","Canada","FRESHWATER","Freshwater","2052","2052",14.17566,,
"CAN1","Canada","FRESHWATER","Freshwater","2053","2053",14.12146,,
"CAN1","Canada","FRESHWATER","Freshwater","2054","2054",14.0696,,
"CAN1","Canada","FRESHWATER","Freshwater","2055","2055",14.01968,,
"CAN1","Canada","FRESHWATER","Freshwater","2056","2056",13.97157,,
"CAN1","Canada","FRESHWATER","Freshwater","2057","2057",13.92538,,
"CAN1","Canada","FRESHWATER","Freshwater","2058","2058",13.88115,,
"CAN1","Canada","FRESHWATER","Freshwater","2059","2059",13.83844,,
"CAN1","Canada","FRESHWATER","Freshwater","2060","2060",13.79752,,
"OPA","OECD Asia","OCEAN","Ocean","2019","2019",11.04521084,,
"OPA","OECD Asia","OCEAN","Ocean","2020","2020",11.27909936,,
"OPA","OECD Asia","OCEAN","Ocean","2021","2021",11.50362059,,
"OPA","OECD Asia","OCEAN","Ocean","2022","2022",11.71928297,,
"OPA","OECD Asia","OCEAN","Ocean","2023","2023",11.92451044,,
"OPA","OECD Asia","OCEAN","Ocean","2024","2024",12.11801415,,
"OPA","OECD Asia","OCEAN","Ocean","2025","2025",12.29943631,,
"OPA","OECD Asia","OCEAN","Ocean","2026","2026",12.47025493,,
"OPA","OECD Asia","OCEAN","Ocean","2027","2027",12.63185198,,
"OPA","OECD Asia","OCEAN","Ocean","2028","2028",12.78433305,,
"OPA","OECD Asia","OCEAN","Ocean","2029","2029",12.92812579,,
"OPA","OECD Asia","OCEAN","Ocean","2030","2030",13.06458322,,
"OPA","OECD Asia","OCEAN","Ocean","2031","2031",13.19407729,,
"OPA","OECD Asia","OCEAN","Ocean","2032","2032",13.3171087,,
"OPA","OECD Asia","OCEAN","Ocean","2033","2033",13.43436173,,
"OPA","OECD Asia","OCEAN","Ocean","2034","2034",13.54643948,,
"OPA","OECD Asia","OCEAN","Ocean","2035","2035",13.65334208,,
"OPA","OECD Asia","OCEAN","Ocean","2036","2036",13.75563905,,
"OPA","OECD Asia","OCEAN","Ocean","2037","2037",13.85372033,,
"OPA","OECD Asia","OCEAN","Ocean","2038","2038",13.94765171,,
"OPA","OECD Asia","OCEAN","Ocean","2039","2039",14.0376192,,
"OPA","OECD Asia","OCEAN","Ocean","2040","2040",14.12404379,,
"OPA","OECD Asia","OCEAN","Ocean","2041","2041",14.20693964,,
"OPA","OECD Asia","OCEAN","Ocean","2042","2042",14.28635412,,
"OPA","OECD Asia","OCEAN","Ocean","2043","2043",14.36273693,,
"OPA","OECD Asia","OCEAN","Ocean","2044","2044",14.4359803,,
"OPA","OECD Asia","OCEAN","Ocean","2045","2045",14.50635302,,
"OPA","OECD Asia","OCEAN","Ocean","2046","2046",14.57379447,,
"OPA","OECD Asia","OCEAN","Ocean","2047","2047",14.63826488,,
"OPA","OECD Asia","OCEAN","Ocean","2048","2048",14.70014193,,
"OPA","OECD Asia","OCEAN","Ocean","2049","2049",14.75921066,,
"OPA","OECD Asia","OCEAN","Ocean","2050","2050",14.81624441,,
"OPA","OECD Asia","OCEAN","Ocean","2051","2051",14.87142706,,
"OPA","OECD Asia","OCEAN","Ocean","2052","2052",14.92500748,,
"OPA","OECD Asia","OCEAN","Ocean","2053","2053",14.97728889,,
"OPA","OECD Asia","OCEAN","Ocean","2054","2054",15.02824395,,
"OPA","OECD Asia","OCEAN","Ocean","2055","2055",15.07803912,,
"OPA","OECD Asia","OCEAN","Ocean","2056","2056",15.12716887,,
"OPA","OECD Asia","OCEAN","Ocean","2057","2057",15.17538409,,
"OPA","OECD Asia","OCEAN","Ocean","2058","2058",15.22301389,,
"OPA","OECD Asia","OCEAN","Ocean","2059","2059",15.27022888,,
"OPA","OECD Asia","OCEAN","Ocean","2060","2060",15.31698346,,
"MEN","Middle East & North Africa","FRESHWATER","Freshwater","2019","2019",49.14749,,
"MEN","Middle East & North Africa","FRESHWATER","Freshwater","2020","2020",51.41117,,
"MEN","Middle East & North Africa","FRESHWATER","Freshwater","2021","2021",53.66953,,
"MEN","Middle East & North Africa","FRESHWATER","Freshwater","2022","2022",55.91452,,
"MEN","Middle East & North Africa","FRESHWATER","Freshwater","2023","2023",58.11034,,
"MEN","Middle East & North Africa","FRESHWATER","Freshwater","2024","2024",60.28411,,
"MEN","Middle East & North Africa","FRESHWATER","Freshwater","2025","2025",62.44339,,
"MEN","Middle East & North Africa","FRESHWATER","Freshwater","2026","2026",64.5906,,
"MEN","Middle East & North Africa","FRESHWATER","Freshwater","2027","2027",66.72135,,
"MEN","Middle East & North Africa","FRESHWATER","Freshwater","2028","2028",68.83537,,
"MEN","Middle East & North Africa","FRESHWATER","Freshwater","2029","2029",70.93614,,
"MEN","Middle East & North Africa","FRESHWATER","Freshwater","2030","2030",73.03131,,
"MEN","Middle East & North Africa","FRESHWATER","Freshwater","2031","2031",75.14615,,
"MEN","Middle East & North Africa","FRESHWATER","Freshwater","2032","2032",77.26489,,
"MEN","Middle East & North Africa","FRESHWATER","Freshwater","2033","2033",79.38899,,
"MEN","Middle East & North Africa","FRESHWATER","Freshwater","2034","2034",81.5222,,
"MEN","Middle East & North Africa","FRESHWATER","Freshwater","2035","2035",83.66495,,
"MEN","Middle East & North Africa","FRESHWATER","Freshwater","2036","2036",85.81652,,
"MEN","Middle East & North Africa","FRESHWATER","Freshwater","2037","2037",87.97372,,
"MEN","Middle East & North Africa","FRESHWATER","Freshwater","2038","2038",90.13578,,
"MEN","Middle East & North Africa","FRESHWATER","Freshwater","2039","2039",92.30316,,
"MEN","Middle East & North Africa","FRESHWATER","Freshwater","2040","2040",94.47757,,
"MEN","Middle East & North Africa","FRESHWATER","Freshwater","2041","2041",96.66029,,
"MEN","Middle East & North Africa","FRESHWATER","Freshwater","2042","2042",98.85332,,
"MEN","Middle East & North Africa","FRESHWATER","Freshwater","2043","2043",101.05907,,
"MEN","Middle East & North Africa","FRESHWATER","Freshwater","2044","2044",103.27905,,
"MEN","Middle East & North Africa","FRESHWATER","Freshwater","2045","2045",105.51194,,
"MEN","Middle East & North Africa","FRESHWATER","Freshwater","2046","2046",107.75683,,
"MEN","Middle East & North Africa","FRESHWATER","Freshwater","2047","2047",110.01055,,
"MEN","Middle East & North Africa","FRESHWATER","Freshwater","2048","2048",112.27058,,
"MEN","Middle East & North Africa","FRESHWATER","Freshwater","2049","2049",114.53712,,
"MEN","Middle East & North Africa","FRESHWATER","Freshwater","2050","2050",116.80214,,
"MEN","Middle East & North Africa","FRESHWATER","Freshwater","2051","2051",119.06003,,
"MEN","Middle East & North Africa","FRESHWATER","Freshwater","2052","2052",121.30688,,
"MEN","Middle East & North Africa","FRESHWATER","Freshwater","2053","2053",123.53892,,
"MEN","Middle East & North Africa","FRESHWATER","Freshwater","2054","2054",125.75353,,
"MEN","Middle East & North Africa","FRESHWATER","Freshwater","2055","2055",127.94724,,
"MEN","Middle East & North Africa","FRESHWATER","Freshwater","2056","2056",130.11769,,
"MEN","Middle East & North Africa","FRESHWATER","Freshwater","2057","2057",132.26153,,
"MEN","Middle East & North Africa","FRESHWATER","Freshwater","2058","2058",134.37527,,
"MEN","Middle East & North Africa","FRESHWATER","Freshwater","2059","2059",136.45567,,
"MEN","Middle East & North Africa","FRESHWATER","Freshwater","2060","2060",138.5027,,
"USA1","United States","OCEAN","Ocean","2019","2019",23.45742455,,
"USA1","United States","OCEAN","Ocean","2020","2020",24.19559701,,
"USA1","United States","OCEAN","Ocean","2021","2021",24.93188653,,
"USA1","United States","OCEAN","Ocean","2022","2022",25.66611126,,
"USA1","United States","OCEAN","Ocean","2023","2023",26.39656816,,
"USA1","United States","OCEAN","Ocean","2024","2024",27.12228319,,
"USA1","United States","OCEAN","Ocean","2025","2025",27.84223096,,
"USA1","United States","OCEAN","Ocean","2026","2026",28.5553295,,
"USA1","United States","OCEAN","Ocean","2027","2027",29.26046803,,
"USA1","United States","OCEAN","Ocean","2028","2028",29.95677974,,
"USA1","United States","OCEAN","Ocean","2029","2029",30.64332651,,
"USA1","United States","OCEAN","Ocean","2030","2030",31.31903561,,
"USA1","United States","OCEAN","Ocean","2031","2031",31.98361743,,
"USA1","United States","OCEAN","Ocean","2032","2032",32.63573596,,
"USA1","United States","OCEAN","Ocean","2033","2033",33.27483149,,
"USA1","United States","OCEAN","Ocean","2034","2034",33.89997594,,
"USA1","United States","OCEAN","Ocean","2035","2035",34.51062189,,
"USA1","United States","OCEAN","Ocean","2036","2036",35.10548119,,
"USA1","United States","OCEAN","Ocean","2037","2037",35.68394708,,
"USA1","United States","OCEAN","Ocean","2038","2038",36.24779687,,
"USA1","United States","OCEAN","Ocean","2039","2039",36.79629976,,
"USA1","United States","OCEAN","Ocean","2040","2040",37.33129549,,
"USA1","United States","OCEAN","Ocean","2041","2041",37.85237717,,
"USA1","United States","OCEAN","Ocean","2042","2042",38.36054375,,
"USA1","United States","OCEAN","Ocean","2043","2043",38.85600468,,
"USA1","United States","OCEAN","Ocean","2044","2044",39.33937296,,
"USA1","United States","OCEAN","Ocean","2045","2045",39.81087709,,
"USA1","United States","OCEAN","Ocean","2046","2046",40.27107857,,
"USA1","United States","OCEAN","Ocean","2047","2047",40.72041731,,
"USA1","United States","OCEAN","Ocean","2048","2048",41.15916272,,
"USA1","United States","OCEAN","Ocean","2049","2049",41.58768449,,
"USA1","United States","OCEAN","Ocean","2050","2050",42.00661933,,
"USA1","United States","OCEAN","Ocean","2051","2051",42.41586827,,
"USA1","United States","OCEAN","Ocean","2052","2052",42.81643399,,
"USA1","United States","OCEAN","Ocean","2053","2053",43.20806471,,
"USA1","United States","OCEAN","Ocean","2054","2054",43.59175153,,
"USA1","United States","OCEAN","Ocean","2055","2055",43.96721136,,
"USA1","United States","OCEAN","Ocean","2056","2056",44.33500711,,
"USA1","United States","OCEAN","Ocean","2057","2057",44.69547609,,
"USA1","United States","OCEAN","Ocean","2058","2058",45.04910632,,
"USA1","United States","OCEAN","Ocean","2059","2059",45.39592073,,
"USA1","United States","OCEAN","Ocean","2060","2060",45.736118,,
"ODA","Other non-OECD Asia","OCEAN","Ocean","2019","2019",40.87482566,,
"ODA","Other non-OECD Asia","OCEAN","Ocean","2020","2020",44.02956533,,
"ODA","Other non-OECD Asia","OCEAN","Ocean","2021","2021",47.31189475,,
"ODA","Other non-OECD Asia","OCEAN","Ocean","2022","2022",50.70421847,,
"ODA","Other non-OECD Asia","OCEAN","Ocean","2023","2023",54.1912315,,
"ODA","Other non-OECD Asia","OCEAN","Ocean","2024","2024",57.76518795,,
"ODA","Other non-OECD Asia","OCEAN","Ocean","2025","2025",61.41819241,,
"ODA","Other non-OECD Asia","OCEAN","Ocean","2026","2026",65.14328333,,
"ODA","Other non-OECD Asia","OCEAN","Ocean","2027","2027",68.93303339,,
"ODA","Other non-OECD Asia","OCEAN","Ocean","2028","2028",72.78336774,,
"ODA","Other non-OECD Asia","OCEAN","Ocean","2029","2029",76.69262005,,
"ODA","Other non-OECD Asia","OCEAN","Ocean","2030","2030",80.65606749,,
"ODA","Other non-OECD Asia","OCEAN","Ocean","2031","2031",84.6783537,,
"ODA","Other non-OECD Asia","OCEAN","Ocean","2032","2032",88.7564633,,
"ODA","Other non-OECD Asia","OCEAN","Ocean","2033","2033",92.8892773,,
"ODA","Other non-OECD Asia","OCEAN","Ocean","2034","2034",97.0756464,,
"ODA","Other non-OECD Asia","OCEAN","Ocean","2035","2035",101.3163944,,
"ODA","Other non-OECD Asia","OCEAN","Ocean","2036","2036",105.6101268,,
"ODA","Other non-OECD Asia","OCEAN","Ocean","2037","2037",109.9551326,,
"ODA","Other non-OECD Asia","OCEAN","Ocean","2038","2038",114.3499703,,
"ODA","Other non-OECD Asia","OCEAN","Ocean","2039","2039",118.7944934,,
"ODA","Other non-OECD Asia","OCEAN","Ocean","2040","2040",123.282896,,
"ODA","Other non-OECD Asia","OCEAN","Ocean","2041","2041",127.815092,,
"ODA","Other non-OECD Asia","OCEAN","Ocean","2042","2042",132.3899132,,
"ODA","Other non-OECD Asia","OCEAN","Ocean","2043","2043",137.0075334,,
"ODA","Other non-OECD Asia","OCEAN","Ocean","2044","2044",141.6657209,,
"ODA","Other non-OECD Asia","OCEAN","Ocean","2045","2045",146.362498,,
"ODA","Other non-OECD Asia","OCEAN","Ocean","2046","2046",151.0963078,,
"ODA","Other non-OECD Asia","OCEAN","Ocean","2047","2047",155.8632701,,
"ODA","Other non-OECD Asia","OCEAN","Ocean","2048","2048",160.6611177,,
"ODA","Other non-OECD Asia","OCEAN","Ocean","2049","2049",165.4859737,,
"ODA","Other non-OECD Asia","OCEAN","Ocean","2050","2050",170.3372916,,
"ODA","Other non-OECD Asia","OCEAN","Ocean","2051","2051",175.2119904,,
"ODA","Other non-OECD Asia","OCEAN","Ocean","2052","2052",180.1068331,,
"ODA","Other non-OECD Asia","OCEAN","Ocean","2053","2053",185.0189671,,
"ODA","Other non-OECD Asia","OCEAN","Ocean","2054","2054",189.9445888,,
"ODA","Other non-OECD Asia","OCEAN","Ocean","2055","2055",194.8799413,,
"ODA","Other non-OECD Asia","OCEAN","Ocean","2056","2056",199.82181,,
"ODA","Other non-OECD Asia","OCEAN","Ocean","2057","2057",204.7655284,,
"ODA","Other non-OECD Asia","OCEAN","Ocean","2058","2058",209.7070769,,
"ODA","Other non-OECD Asia","OCEAN","Ocean","2059","2059",214.6406674,,
"ODA","Other non-OECD Asia","OCEAN","Ocean","2060","2060",219.5608464,,
"EU5","Other EU","FRESHWATER","Freshwater","2019","2019",4.38861,,
"EU5","Other EU","FRESHWATER","Freshwater","2020","2020",4.524531,,
"EU5","Other EU","FRESHWATER","Freshwater","2021","2021",4.657175,,
"EU5","Other EU","FRESHWATER","Freshwater","2022","2022",4.787093,,
"EU5","Other EU","FRESHWATER","Freshwater","2023","2023",4.910815,,
"EU5","Other EU","FRESHWATER","Freshwater","2024","2024",5.028705,,
"EU5","Other EU","FRESHWATER","Freshwater","2025","2025",5.140868,,
"EU5","Other EU","FRESHWATER","Freshwater","2026","2026",5.247326,,
"EU5","Other EU","FRESHWATER","Freshwater","2027","2027",5.348154,,
"EU5","Other EU","FRESHWATER","Freshwater","2028","2028",5.443421,,
"EU5","Other EU","FRESHWATER","Freshwater","2029","2029",5.533245,,
"EU5","Other EU","FRESHWATER","Freshwater","2030","2030",5.617447,,
"EU5","Other EU","FRESHWATER","Freshwater","2031","2031",5.697936,,
"EU5","Other EU","FRESHWATER","Freshwater","2032","2032",5.77392,,
"EU5","Other EU","FRESHWATER","Freshwater","2033","2033",5.84512,,
"EU5","Other EU","FRESHWATER","Freshwater","2034","2034",5.911249,,
"EU5","Other EU","FRESHWATER","Freshwater","2035","2035",5.971938,,
"EU5","Other EU","FRESHWATER","Freshwater","2036","2036",6.026994,,
"EU5","Other EU","FRESHWATER","Freshwater","2037","2037",6.076282,,
"EU5","Other EU","FRESHWATER","Freshwater","2038","2038",6.119636,,
"EU5","Other EU","FRESHWATER","Freshwater","2039","2039",6.157057,,
"EU5","Other EU","FRESHWATER","Freshwater","2040","2040",6.188892,,
"EU5","Other EU","FRESHWATER","Freshwater","2041","2041",6.215485,,
"EU5","Other EU","FRESHWATER","Freshwater","2042","2042",6.238096,,
"EU5","Other EU","FRESHWATER","Freshwater","2043","2043",6.256629,,
"EU5","Other EU","FRESHWATER","Freshwater","2044","2044",6.270982,,
"EU5","Other EU","FRESHWATER","Freshwater","2045","2045",6.280953,,
"EU5","Other EU","FRESHWATER","Freshwater","2046","2046",6.286365,,
"EU5","Other EU","FRESHWATER","Freshwater","2047","2047",6.287219,,
"EU5","Other EU","FRESHWATER","Freshwater","2048","2048",6.283394,,
"EU5","Other EU","FRESHWATER","Freshwater","2049","2049",6.274953,,
"EU5","Other EU","FRESHWATER","Freshwater","2050","2050",6.265747,,
"EU5","Other EU","FRESHWATER","Freshwater","2051","2051",6.256666,,
"EU5","Other EU","FRESHWATER","Freshwater","2052","2052",6.247834,,
"EU5","Other EU","FRESHWATER","Freshwater","2053","2053",6.239175,,
"EU5","Other EU","FRESHWATER","Freshwater","2054","2054",6.230699,,
"EU5","Other EU","FRESHWATER","Freshwater","2055","2055",6.222405,,
"EU5","Other EU","FRESHWATER","Freshwater","2056","2056",6.214321,,
"EU5","Other EU","FRESHWATER","Freshwater","2057","2057",6.206393,,
"EU5","Other EU","FRESHWATER","Freshwater","2058","2058",6.198661,,
"EU5","Other EU","FRESHWATER","Freshwater","2059","2059",6.191055,,
"EU5","Other EU","FRESHWATER","Freshwater","2060","2060",6.18365,,
"OCE","OECD Oceania","FRESHWATER","Freshwater","2019","2019",1.8134091,,
"OCE","OECD Oceania","FRESHWATER","Freshwater","2020","2020",1.9075199,,
"OCE","OECD Oceania","FRESHWATER","Freshwater","2021","2021",2.0011353,,
"OCE","OECD Oceania","FRESHWATER","Freshwater","2022","2022",2.0946405,,
"OCE","OECD Oceania","FRESHWATER","Freshwater","2023","2023",2.1859094,,
"OCE","OECD Oceania","FRESHWATER","Freshwater","2024","2024",2.2754113,,
"OCE","OECD Oceania","FRESHWATER","Freshwater","2025","2025",2.3628771,,
"OCE","OECD Oceania","FRESHWATER","Freshwater","2026","2026",2.4477856,,
"OCE","OECD Oceania","FRESHWATER","Freshwater","2027","2027",2.5295657,,
"OCE","OECD Oceania","FRESHWATER","Freshwater","2028","2028",2.6077732,,
"OCE","OECD Oceania","FRESHWATER","Freshwater","2029","2029",2.6822018,,
"OCE","OECD Oceania","FRESHWATER","Freshwater","2030","2030",2.7520725,,
"OCE","OECD Oceania","FRESHWATER","Freshwater","2031","2031",2.8176721,,
"OCE","OECD Oceania","FRESHWATER","Freshwater","2032","2032",2.8784794,,
"OCE","OECD Oceania","FRESHWATER","Freshwater","2033","2033",2.9342782,,
"OCE","OECD Oceania","FRESHWATER","Freshwater","2034","2034",2.9847589,,
"OCE","OECD Oceania","FRESHWATER","Freshwater","2035","2035",3.0296644,,
"OCE","OECD Oceania","FRESHWATER","Freshwater","2036","2036",3.0687281,,
"OCE","OECD Oceania","FRESHWATER","Freshwater","2037","2037",3.101686,,
"OCE","OECD Oceania","FRESHWATER","Freshwater","2038","2038",3.128243,,
"OCE","OECD Oceania","FRESHWATER","Freshwater","2039","2039",3.148196,,
"OCE","OECD Oceania","FRESHWATER","Freshwater","2040","2040",3.162163,,
"OCE","OECD Oceania","FRESHWATER","Freshwater","2041","2041",3.169897,,
"OCE","OECD Oceania","FRESHWATER","Freshwater","2042","2042",3.171157,,
"OCE","OECD Oceania","FRESHWATER","Freshwater","2043","2043",3.165884,,
"OCE","OECD Oceania","FRESHWATER","Freshwater","2044","2044",3.160575,,
"OCE","OECD Oceania","FRESHWATER","Freshwater","2045","2045",3.155256,,
"OCE","OECD Oceania","FRESHWATER","Freshwater","2046","2046",3.149922,,
"OCE","OECD Oceania","FRESHWATER","Freshwater","2047","2047",3.144554,,
"OCE","OECD Oceania","FRESHWATER","Freshwater","2048","2048",3.139156,,
"OCE","OECD Oceania","FRESHWATER","Freshwater","2049","2049",3.133721,,
"OCE","OECD Oceania","FRESHWATER","Freshwater","2050","2050",3.12879,,
"OCE","OECD Oceania","FRESHWATER","Freshwater","2051","2051",3.124278,,
"OCE","OECD Oceania","FRESHWATER","Freshwater","2052","2052",3.120178,,
"OCE","OECD Oceania","FRESHWATER","Freshwater","2053","2053",3.116501,,
"OCE","OECD Oceania","FRESHWATER","Freshwater","2054","2054",3.113265,,
"OCE","OECD Oceania","FRESHWATER","Freshwater","2055","2055",3.110423,,
"OCE","OECD Oceania","FRESHWATER","Freshwater","2056","2056",3.10799,,
"OCE","OECD Oceania","FRESHWATER","Freshwater","2057","2057",3.105968,,
"OCE","OECD Oceania","FRESHWATER","Freshwater","2058","2058",3.104322,,
"OCE","OECD Oceania","FRESHWATER","Freshwater","2059","2059",3.103053,,
"OCE","OECD Oceania","FRESHWATER","Freshwater","2060","2060",3.102158,,
"MEN","Middle East & North Africa","OCEAN","Ocean","2019","2019",12.88646385,,
"MEN","Middle East & North Africa","OCEAN","Ocean","2020","2020",13.61112445,,
"MEN","Middle East & North Africa","OCEAN","Ocean","2021","2021",14.36036122,,
"MEN","Middle East & North Africa","OCEAN","Ocean","2022","2022",15.13379256,,
"MEN","Middle East & North Africa","OCEAN","Ocean","2023","2023",15.92883364,,
"MEN","Middle East & North Africa","OCEAN","Ocean","2024","2024",16.74518251,,
"MEN","Middle East & North Africa","OCEAN","Ocean","2025","2025",17.5817225,,
"MEN","Middle East & North Africa","OCEAN","Ocean","2026","2026",18.43766826,,
"MEN","Middle East & North Africa","OCEAN","Ocean","2027","2027",19.31196862,,
"MEN","Middle East & North Africa","OCEAN","Ocean","2028","2028",20.20413726,,
"MEN","Middle East & North Africa","OCEAN","Ocean","2029","2029",21.11370871,,
"MEN","Middle East & North Africa","OCEAN","Ocean","2030","2030",22.04077586,,
"MEN","Middle East & North Africa","OCEAN","Ocean","2031","2031",22.98600423,,
"MEN","Middle East & North Africa","OCEAN","Ocean","2032","2032",23.94944868,,
"MEN","Middle East & North Africa","OCEAN","Ocean","2033","2033",24.9312445,,
"MEN","Middle East & North Africa","OCEAN","Ocean","2034","2034",25.93123783,,
"MEN","Middle East & North Africa","OCEAN","Ocean","2035","2035",26.94986429,,
"MEN","Middle East & North Africa","OCEAN","Ocean","2036","2036",27.98691834,,
"MEN","Middle East & North Africa","OCEAN","Ocean","2037","2037",29.04230731,,
"MEN","Middle East & North Africa","OCEAN","Ocean","2038","2038",30.11596221,,
"MEN","Middle East & North Africa","OCEAN","Ocean","2039","2039",31.20720552,,
"MEN","Middle East & North Africa","OCEAN","Ocean","2040","2040",32.3166836,,
"MEN","Middle East & North Africa","OCEAN","Ocean","2041","2041",33.44378513,,
"MEN","Middle East & North Africa","OCEAN","Ocean","2042","2042",34.58885982,,
"MEN","Middle East & North Africa","OCEAN","Ocean","2043","2043",35.75168949,,
"MEN","Middle East & North Africa","OCEAN","Ocean","2044","2044",36.93273837,,
"MEN","Middle East & North Africa","OCEAN","Ocean","2045","2045",38.13135359,,
"MEN","Middle East & North Africa","OCEAN","Ocean","2046","2046",39.34807538,,
"MEN","Middle East & North Africa","OCEAN","Ocean","2047","2047",40.58243766,,
"MEN","Middle East & North Africa","OCEAN","Ocean","2048","2048",41.8344227,,
"MEN","Middle East & North Africa","OCEAN","Ocean","2049","2049",43.10366148,,
"MEN","Middle East & North Africa","OCEAN","Ocean","2050","2050",44.39029572,,
"MEN","Middle East & North Africa","OCEAN","Ocean","2051","2051",45.69343515,,
"MEN","Middle East & North Africa","OCEAN","Ocean","2052","2052",47.01290596,,
"MEN","Middle East & North Africa","OCEAN","Ocean","2053","2053",48.34802153,,
"MEN","Middle East & North Africa","OCEAN","Ocean","2054","2054",49.69823377,,
"MEN","Middle East & North Africa","OCEAN","Ocean","2055","2055",51.06282805,,
"MEN","Middle East & North Africa","OCEAN","Ocean","2056","2056",52.44150871,,
"MEN","Middle East & North Africa","OCEAN","Ocean","2057","2057",53.8331435,,
"MEN","Middle East & North Africa","OCEAN","Ocean","2058","2058",55.23756864,,
"MEN","Middle East & North Africa","OCEAN","Ocean","2059","2059",56.65319611,,
"MEN","Middle East & North Africa","OCEAN","Ocean","2060","2060",58.07983112,,
"IND1","India","FRESHWATER","Freshwater","2019","2019",44.90114,,
"IND1","India","FRESHWATER","Freshwater","2020","2020",48.13588,,
"IND1","India","FRESHWATER","Freshwater","2021","2021",51.46381,,
"IND1","India","FRESHWATER","Freshwater","2022","2022",54.83907,,
"IND1","India","FRESHWATER","Freshwater","2023","2023",58.23642,,
"IND1","India","FRESHWATER","Freshwater","2024","2024",61.67586,,
"IND1","India","FRESHWATER","Freshwater","2025","2025",65.15782,,
"IND1","India","FRESHWATER","Freshwater","2026","2026",68.68857,,
"IND1","India","FRESHWATER","Freshwater","2027","2027",72.27129,,
"IND1","India","FRESHWATER","Freshwater","2028","2028",75.90886,,
"IND1","India","FRESHWATER","Freshwater","2029","2029",79.6044,,
"IND1","India","FRESHWATER","Freshwater","2030","2030",83.3645,,
"IND1","India","FRESHWATER","Freshwater","2031","2031",87.22359,,
"IND1","India","FRESHWATER","Freshwater","2032","2032",91.15791,,
"IND1","India","FRESHWATER","Freshwater","2033","2033",95.16933,,
"IND1","India","FRESHWATER","Freshwater","2034","2034",99.26634,,
"IND1","India","FRESHWATER","Freshwater","2035","2035",103.45767,,
"IND1","India","FRESHWATER","Freshwater","2036","2036",107.74812,,
"IND1","India","FRESHWATER","Freshwater","2037","2037",112.13593,,
"IND1","India","FRESHWATER","Freshwater","2038","2038",116.61668,,
"IND1","India","FRESHWATER","Freshwater","2039","2039",121.19033,,
"IND1","India","FRESHWATER","Freshwater","2040","2040",125.85101,,
"IND1","India","FRESHWATER","Freshwater","2041","2041",130.59808,,
"IND1","India","FRESHWATER","Freshwater","2042","2042",135.43181,,
"IND1","India","FRESHWATER","Freshwater","2043","2043",140.35217,,
"IND1","India","FRESHWATER","Freshwater","2044","2044",145.35747,,
"IND1","India","FRESHWATER","Freshwater","2045","2045",150.44042,,
"IND1","India","FRESHWATER","Freshwater","2046","2046",155.58709,,
"IND1","India","FRESHWATER","Freshwater","2047","2047",160.78776,,
"IND1","India","FRESHWATER","Freshwater","2048","2048",166.03291,,
"IND1","India","FRESHWATER","Freshwater","2049","2049",171.31,,
"IND1","India","FRESHWATER","Freshwater","2050","2050",176.56684,,
"IND1","India","FRESHWATER","Freshwater","2051","2051",181.79804,,
"IND1","India","FRESHWATER","Freshwater","2052","2052",186.99411,,
"IND1","India","FRESHWATER","Freshwater","2053","2053",192.14464,,
"IND1","India","FRESHWATER","Freshwater","2054","2054",197.23945,,
"IND1","India","FRESHWATER","Freshwater","2055","2055",202.26681,,
"IND1","India","FRESHWATER","Freshwater","2056","2056",207.21461,,
"IND1","India","FRESHWATER","Freshwater","2057","2057",212.0697,,
"IND1","India","FRESHWATER","Freshwater","2058","2058",216.81741,,
"IND1","India","FRESHWATER","Freshwater","2059","2059",221.46528,,
"IND1","India","FRESHWATER","Freshwater","2060","2060",226.05461,,
"CHN1","China","OCEAN","Ocean","2019","2019",27.33132273,,
"CHN1","China","OCEAN","Ocean","2020","2020",29.16488631,,
"CHN1","China","OCEAN","Ocean","2021","2021",31.05400011,,
"CHN1","China","OCEAN","Ocean","2022","2022",32.99553429,,
"CHN1","China","OCEAN","Ocean","2023","2023",34.98628998,,
"CHN1","China","OCEAN","Ocean","2024","2024",37.02354895,,
"CHN1","China","OCEAN","Ocean","2025","2025",39.10578748,,
"CHN1","China","OCEAN","Ocean","2026","2026",41.23094599,,
"CHN1","China","OCEAN","Ocean","2027","2027",43.39732893,,
"CHN1","China","OCEAN","Ocean","2028","2028",45.60335117,,
"CHN1","China","OCEAN","Ocean","2029","2029",47.84805373,,
"CHN1","China","OCEAN","Ocean","2030","2030",50.13005855,,
"CHN1","China","OCEAN","Ocean","2031","2031",52.44937526,,
"CHN1","China","OCEAN","Ocean","2032","2032",54.80518479,,
"CHN1","China","OCEAN","Ocean","2033","2033",57.19703635,,
"CHN1","China","OCEAN","Ocean","2034","2034",59.62366279,,
"CHN1","China","OCEAN","Ocean","2035","2035",62.08518941,,
"CHN1","China","OCEAN","Ocean","2036","2036",64.58044509,,
"CHN1","China","OCEAN","Ocean","2037","2037",67.1085931,,
"CHN1","China","OCEAN","Ocean","2038","2038",69.6683447,,
"CHN1","China","OCEAN","Ocean","2039","2039",72.2588496,,
"CHN1","China","OCEAN","Ocean","2040","2040",74.8779405,,
"CHN1","China","OCEAN","Ocean","2041","2041",77.5239015,,
"CHN1","China","OCEAN","Ocean","2042","2042",80.1955496,,
"CHN1","China","OCEAN","Ocean","2043","2043",82.8913091,,
"CHN1","China","OCEAN","Ocean","2044","2044",85.6093574,,
"CHN1","China","OCEAN","Ocean","2045","2045",88.3482585,,
"CHN1","China","OCEAN","Ocean","2046","2046",91.1059399,,
"CHN1","China","OCEAN","Ocean","2047","2047",93.8808817,,
"CHN1","China","OCEAN","Ocean","2048","2048",96.6711737,,
"CHN1","China","OCEAN","Ocean","2049","2049",99.4749198,,
"CHN1","China","OCEAN","Ocean","2050","2050",102.2902569,,
"CHN1","China","OCEAN","Ocean","2051","2051",105.1149307,,
"CHN1","China","OCEAN","Ocean","2052","2052",107.9476294,,
"CHN1","China","OCEAN","Ocean","2053","2053",110.7858353,,
"CHN1","China","OCEAN","Ocean","2054","2054",113.6276126,,
"CHN1","China","OCEAN","Ocean","2055","2055",116.4710982,,
"CHN1","China","OCEAN","Ocean","2056","2056",119.3135457,,
"CHN1","China","OCEAN","Ocean","2057","2057",122.1544527,,
"CHN1","China","OCEAN","Ocean","2058","2058",124.9930923,,
"CHN1","China","OCEAN","Ocean","2059","2059",127.8280225,,
"CHN1","China","OCEAN","Ocean","2060","2060",130.6576162,,
"OE6","OECD Non-EU","FRESHWATER","Freshwater","2019","2019",25.3884,,
"OE6","OECD Non-EU","FRESHWATER","Freshwater","2020","2020",25.95184,,
"OE6","OECD Non-EU","FRESHWATER","Freshwater","2021","2021",26.49737,,
"OE6","OECD Non-EU","FRESHWATER","Freshwater","2022","2022",27.02134,,
"OE6","OECD Non-EU","FRESHWATER","Freshwater","2023","2023",27.51146,,
"OE6","OECD Non-EU","FRESHWATER","Freshwater","2024","2024",27.97411,,
"OE6","OECD Non-EU","FRESHWATER","Freshwater","2025","2025",28.40918,,
"OE6","OECD Non-EU","FRESHWATER","Freshwater","2026","2026",28.81533,,
"OE6","OECD Non-EU","FRESHWATER","Freshwater","2027","2027",29.19338,,
"OE6","OECD Non-EU","FRESHWATER","Freshwater","2028","2028",29.54263,,
"OE6","OECD Non-EU","FRESHWATER","Freshwater","2029","2029",29.86404,,
"OE6","OECD Non-EU","FRESHWATER","Freshwater","2030","2030",30.15966,,
"OE6","OECD Non-EU","FRESHWATER","Freshwater","2031","2031",30.43313,,
"OE6","OECD Non-EU","FRESHWATER","Freshwater","2032","2032",30.68225,,
"OE6","OECD Non-EU","FRESHWATER","Freshwater","2033","2033",30.90777,,
"OE6","OECD Non-EU","FRESHWATER","Freshwater","2034","2034",31.10906,,
"OE6","OECD Non-EU","FRESHWATER","Freshwater","2035","2035",31.28678,,
"OE6","OECD Non-EU","FRESHWATER","Freshwater","2036","2036",31.44058,,
"OE6","OECD Non-EU","FRESHWATER","Freshwater","2037","2037",31.56958,,
"OE6","OECD Non-EU","FRESHWATER","Freshwater","2038","2038",31.67374,,
"OE6","OECD Non-EU","FRESHWATER","Freshwater","2039","2039",31.75257,,
"OE6","OECD Non-EU","FRESHWATER","Freshwater","2040","2040",31.8068,,
"OE6","OECD Non-EU","FRESHWATER","Freshwater","2041","2041",31.8362,,
"OE6","OECD Non-EU","FRESHWATER","Freshwater","2042","2042",31.84072,,
"OE6","OECD Non-EU","FRESHWATER","Freshwater","2043","2043",31.81937,,
"OE6","OECD Non-EU","FRESHWATER","Freshwater","2044","2044",31.77248,,
"OE6","OECD Non-EU","FRESHWATER","Freshwater","2045","2045",31.69925,,
"OE6","OECD Non-EU","FRESHWATER","Freshwater","2046","2046",31.60255,,
"OE6","OECD Non-EU","FRESHWATER","Freshwater","2047","2047",31.48483,,
"OE6","OECD Non-EU","FRESHWATER","Freshwater","2048","2048",31.34987,,
"OE6","OECD Non-EU","FRESHWATER","Freshwater","2049","2049",31.20049,,
"OE6","OECD Non-EU","FRESHWATER","Freshwater","2050","2050",31.05612,,
"OE6","OECD Non-EU","FRESHWATER","Freshwater","2051","2051",30.92097,,
"OE6","OECD Non-EU","FRESHWATER","Freshwater","2052","2052",30.79475,,
"OE6","OECD Non-EU","FRESHWATER","Freshwater","2053","2053",30.67705,,
"OE6","OECD Non-EU","FRESHWATER","Freshwater","2054","2054",30.56772,,
"OE6","OECD Non-EU","FRESHWATER","Freshwater","2055","2055",30.46633,,
"OE6","OECD Non-EU","FRESHWATER","Freshwater","2056","2056",30.37226,,
"OE6","OECD Non-EU","FRESHWATER","Freshwater","2057","2057",30.28579,,
"OE6","OECD Non-EU","FRESHWATER","Freshwater","2058","2058",30.20598,,
"OE6","OECD Non-EU","FRESHWATER","Freshwater","2059","2059",30.13296,,
"OE6","OECD Non-EU","FRESHWATER","Freshwater","2060","2060",30.06654,,
"O22","OECD EU ","OCEAN","Ocean","2019","2019",24.94760914,,
"O22","OECD EU ","OCEAN","Ocean","2020","2020",25.74298162,,
"O22","OECD EU ","OCEAN","Ocean","2021","2021",26.53640556,,
"O22","OECD EU ","OCEAN","Ocean","2022","2022",27.32655869,,
"O22","OECD EU ","OCEAN","Ocean","2023","2023",28.11193984,,
"O22","OECD EU ","OCEAN","Ocean","2024","2024",28.89139451,,
"O22","OECD EU ","OCEAN","Ocean","2025","2025",29.66362303,,
"O22","OECD EU ","OCEAN","Ocean","2026","2026",30.42761014,,
"O22","OECD EU ","OCEAN","Ocean","2027","2027",31.18170837,,
"O22","OECD EU ","OCEAN","Ocean","2028","2028",31.92548344,,
"O22","OECD EU ","OCEAN","Ocean","2029","2029",32.65710279,,
"O22","OECD EU ","OCEAN","Ocean","2030","2030",33.3768518,,
"O22","OECD EU ","OCEAN","Ocean","2031","2031",34.08445095,,
"O22","OECD EU ","OCEAN","Ocean","2032","2032",34.7805571,,
"O22","OECD EU ","OCEAN","Ocean","2033","2033",35.46481255,,
"O22","OECD EU ","OCEAN","Ocean","2034","2034",36.13752971,,
"O22","OECD EU ","OCEAN","Ocean","2035","2035",36.79885837,,
"O22","OECD EU ","OCEAN","Ocean","2036","2036",37.44838569,,
"O22","OECD EU ","OCEAN","Ocean","2037","2037",38.08690908,,
"O22","OECD EU ","OCEAN","Ocean","2038","2038",38.71400324,,
"O22","OECD EU ","OCEAN","Ocean","2039","2039",39.329656,,
"O22","OECD EU ","OCEAN","Ocean","2040","2040",39.93449164,,
"O22","OECD EU ","OCEAN","Ocean","2041","2041",40.52785329,,
"O22","OECD EU ","OCEAN","Ocean","2042","2042",41.11028126,,
"O22","OECD EU ","OCEAN","Ocean","2043","2043",41.68168679,,
"O22","OECD EU ","OCEAN","Ocean","2044","2044",42.24204167,,
"O22","OECD EU ","OCEAN","Ocean","2045","2045",42.79140934,,
"O22","OECD EU ","OCEAN","Ocean","2046","2046",43.32961981,,
"O22","OECD EU ","OCEAN","Ocean","2047","2047",43.85672544,,
"O22","OECD EU ","OCEAN","Ocean","2048","2048",44.3730111,,
"O22","OECD EU ","OCEAN","Ocean","2049","2049",44.87790834,,
"O22","OECD EU ","OCEAN","Ocean","2050","2050",45.37170323,,
"O22","OECD EU ","OCEAN","Ocean","2051","2051",45.85463017,,
"O22","OECD EU ","OCEAN","Ocean","2052","2052",46.32657003,,
"O22","OECD EU ","OCEAN","Ocean","2053","2053",46.7876245,,
"O22","OECD EU ","OCEAN","Ocean","2054","2054",47.23763122,,
"O22","OECD EU ","OCEAN","Ocean","2055","2055",47.6770641,,
"O22","OECD EU ","OCEAN","Ocean","2056","2056",48.1066855,,
"O22","OECD EU ","OCEAN","Ocean","2057","2057",48.5261833,,
"O22","OECD EU ","OCEAN","Ocean","2058","2058",48.9363289,,
"O22","OECD EU ","OCEAN","Ocean","2059","2059",49.3373933,,
"O22","OECD EU ","OCEAN","Ocean","2060","2060",49.7296802,,
"OAF","Other Africa","FRESHWATER","Freshwater","2019","2019",72.10042,,
"OAF","Other Africa","FRESHWATER","Freshwater","2020","2020",76.064,,
"OAF","Other Africa","FRESHWATER","Freshwater","2021","2021",80.01894,,
"OAF","Other Africa","FRESHWATER","Freshwater","2022","2022",83.9252,,
"OAF","Other Africa","FRESHWATER","Freshwater","2023","2023",87.72163,,
"OAF","Other Africa","FRESHWATER","Freshwater","2024","2024",91.46159,,
"OAF","Other Africa","FRESHWATER","Freshwater","2025","2025",95.15307,,
"OAF","Other Africa","FRESHWATER","Freshwater","2026","2026",98.79606,,
"OAF","Other Africa","FRESHWATER","Freshwater","2027","2027",102.39559,,
"OAF","Other Africa","FRESHWATER","Freshwater","2028","2028",105.96182,,
"OAF","Other Africa","FRESHWATER","Freshwater","2029","2029",109.50626,,
"OAF","Other Africa","FRESHWATER","Freshwater","2030","2030",113.09296,,
"OAF","Other Africa","FRESHWATER","Freshwater","2031","2031",116.75405,,
"OAF","Other Africa","FRESHWATER","Freshwater","2032","2032",120.47216,,
"OAF","Other Africa","FRESHWATER","Freshwater","2033","2033",124.25487,,
"OAF","Other Africa","FRESHWATER","Freshwater","2034","2034",128.11271,,
"OAF","Other Africa","FRESHWATER","Freshwater","2035","2035",132.05292,,
"OAF","Other Africa","FRESHWATER","Freshwater","2036","2036",136.07848,,
"OAF","Other Africa","FRESHWATER","Freshwater","2037","2037",140.19122,,
"OAF","Other Africa","FRESHWATER","Freshwater","2038","2038",144.39206,,
"OAF","Other Africa","FRESHWATER","Freshwater","2039","2039",148.68196,,
"OAF","Other Africa","FRESHWATER","Freshwater","2040","2040",153.01018,,
"OAF","Other Africa","FRESHWATER","Freshwater","2041","2041",157.38803,,
"OAF","Other Africa","FRESHWATER","Freshwater","2042","2042",161.81921,,
"OAF","Other Africa","FRESHWATER","Freshwater","2043","2043",166.30776,,
"OAF","Other Africa","FRESHWATER","Freshwater","2044","2044",170.85733,,
"OAF","Other Africa","FRESHWATER","Freshwater","2045","2045",175.47041,,
"OAF","Other Africa","FRESHWATER","Freshwater","2046","2046",180.14681,,
"OAF","Other Africa","FRESHWATER","Freshwater","2047","2047",184.88829,,
"OAF","Other Africa","FRESHWATER","Freshwater","2048","2048",189.69574,,
"OAF","Other Africa","FRESHWATER","Freshwater","2049","2049",194.56938,,
"OAF","Other Africa","FRESHWATER","Freshwater","2050","2050",199.55651,,
"OAF","Other Africa","FRESHWATER","Freshwater","2051","2051",204.65132,,
"OAF","Other Africa","FRESHWATER","Freshwater","2052","2052",209.8518,,
"OAF","Other Africa","FRESHWATER","Freshwater","2053","2053",215.15777,,
"OAF","Other Africa","FRESHWATER","Freshwater","2054","2054",220.56641,,
"OAF","Other Africa","FRESHWATER","Freshwater","2055","2055",226.0774,,
"OAF","Other Africa","FRESHWATER","Freshwater","2056","2056",231.6863,,
"OAF","Other Africa","FRESHWATER","Freshwater","2057","2057",237.3889,,
"OAF","Other Africa","FRESHWATER","Freshwater","2058","2058",243.1788,,
"OAF","Other Africa","FRESHWATER","Freshwater","2059","2059",249.0463,,
"OAF","Other Africa","FRESHWATER","Freshwater","2060","2060",254.9815,,
"RAN","Other Eurasia","FRESHWATER","Freshwater","2019","2019",63.17927,,
"RAN","Other Eurasia","FRESHWATER","Freshwater","2020","2020",66.43514,,
"RAN","Other Eurasia","FRESHWATER","Freshwater","2021","2021",69.67358,,
"RAN","Other Eurasia","FRESHWATER","Freshwater","2022","2022",72.87259,,
"RAN","Other Eurasia","FRESHWATER","Freshwater","2023","2023",76.01136,,
"RAN","Other Eurasia","FRESHWATER","Freshwater","2024","2024",79.10492,,
"RAN","Other Eurasia","FRESHWATER","Freshwater","2025","2025",82.15023,,
"RAN","Other Eurasia","FRESHWATER","Freshwater","2026","2026",85.14252,,
"RAN","Other Eurasia","FRESHWATER","Freshwater","2027","2027",88.07786,,
"RAN","Other Eurasia","FRESHWATER","Freshwater","2028","2028",90.95255,,
"RAN","Other Eurasia","FRESHWATER","Freshwater","2029","2029",93.76568,,
"RAN","Other Eurasia","FRESHWATER","Freshwater","2030","2030",96.51585,,
"RAN","Other Eurasia","FRESHWATER","Freshwater","2031","2031",99.22057,,
"RAN","Other Eurasia","FRESHWATER","Freshwater","2032","2032",101.86753,,
"RAN","Other Eurasia","FRESHWATER","Freshwater","2033","2033",104.45925,,
"RAN","Other Eurasia","FRESHWATER","Freshwater","2034","2034",107.0007,,
"RAN","Other Eurasia","FRESHWATER","Freshwater","2035","2035",109.49571,,
"RAN","Other Eurasia","FRESHWATER","Freshwater","2036","2036",111.94824,,
"RAN","Other Eurasia","FRESHWATER","Freshwater","2037","2037",114.36073,,
"RAN","Other Eurasia","FRESHWATER","Freshwater","2038","2038",116.73542,,
"RAN","Other Eurasia","FRESHWATER","Freshwater","2039","2039",119.07636,,
"RAN","Other Eurasia","FRESHWATER","Freshwater","2040","2040",121.40802,,
"RAN","Other Eurasia","FRESHWATER","Freshwater","2041","2041",123.73437,,
"RAN","Other Eurasia","FRESHWATER","Freshwater","2042","2042",126.05976,,
"RAN","Other Eurasia","FRESHWATER","Freshwater","2043","2043",128.38626,,
"RAN","Other Eurasia","FRESHWATER","Freshwater","2044","2044",130.71472,,
"RAN","Other Eurasia","FRESHWATER","Freshwater","2045","2045",133.04378,,
"RAN","Other Eurasia","FRESHWATER","Freshwater","2046","2046",135.37139,,
"RAN","Other Eurasia","FRESHWATER","Freshwater","2047","2047",137.69415,,
"RAN","Other Eurasia","FRESHWATER","Freshwater","2048","2048",140.00935,,
"RAN","Other Eurasia","FRESHWATER","Freshwater","2049","2049",142.31275,,
"RAN","Other Eurasia","FRESHWATER","Freshwater","2050","2050",144.58631,,
"RAN","Other Eurasia","FRESHWATER","Freshwater","2051","2051",146.8289,,
"RAN","Other Eurasia","FRESHWATER","Freshwater","2052","2052",149.03734,,
"RAN","Other Eurasia","FRESHWATER","Freshwater","2053","2053",151.20856,,
"RAN","Other Eurasia","FRESHWATER","Freshwater","2054","2054",153.34083,,
"RAN","Other Eurasia","FRESHWATER","Freshwater","2055","2055",155.43118,,
"RAN","Other Eurasia","FRESHWATER","Freshwater","2056","2056",157.47785,,
"RAN","Other Eurasia","FRESHWATER","Freshwater","2057","2057",159.47906,,
"RAN","Other Eurasia","FRESHWATER","Freshwater","2058","2058",161.43341,,
"RAN","Other Eurasia","FRESHWATER","Freshwater","2059","2059",163.33971,,
"RAN","Other Eurasia","FRESHWATER","Freshwater","2060","2060",165.2,,
"EU5","Other EU","OCEAN","Ocean","2019","2019",0.3711304801,,
"EU5","Other EU","OCEAN","Ocean","2020","2020",0.3883818166,,
"EU5","Other EU","OCEAN","Ocean","2021","2021",0.4060211345,,
"EU5","Other EU","OCEAN","Ocean","2022","2022",0.4240450714,,
"EU5","Other EU","OCEAN","Ocean","2023","2023",0.4423950078,,
"EU5","Other EU","OCEAN","Ocean","2024","2024",0.4610488351,,
"EU5","Other EU","OCEAN","Ocean","2025","2025",0.4799819731,,
"EU5","Other EU","OCEAN","Ocean","2026","2026",0.4991686329,,
"EU5","Other EU","OCEAN","Ocean","2027","2027",0.5185806276,,
"EU5","Other EU","OCEAN","Ocean","2028","2028",0.5381989846,,
"EU5","Other EU","OCEAN","Ocean","2029","2029",0.5579949583,,
"EU5","Other EU","OCEAN","Ocean","2030","2030",0.5779466275,,
"EU5","Other EU","OCEAN","Ocean","2031","2031",0.5980506096,,
"EU5","Other EU","OCEAN","Ocean","2032","2032",0.6182847215,,
"EU5","Other EU","OCEAN","Ocean","2033","2033",0.638623961,,
"EU5","Other EU","OCEAN","Ocean","2034","2034",0.659056289,,
"EU5","Other EU","OCEAN","Ocean","2035","2035",0.679548694,,
"EU5","Other EU","OCEAN","Ocean","2036","2036",0.70008471,,
"EU5","Other EU","OCEAN","Ocean","2037","2037",0.720635622,,
"EU5","Other EU","OCEAN","Ocean","2038","2038",0.741176723,,
"EU5","Other EU","OCEAN","Ocean","2039","2039",0.761683766,,
"EU5","Other EU","OCEAN","Ocean","2040","2040",0.782135511,,
"EU5","Other EU","OCEAN","Ocean","2041","2041",0.802505731,,
"EU5","Other EU","OCEAN","Ocean","2042","2042",0.822801943,,
"EU5","Other EU","OCEAN","Ocean","2043","2043",0.842988274,,
"EU5","Other EU","OCEAN","Ocean","2044","2044",0.863045958,,
"EU5","Other EU","OCEAN","Ocean","2045","2045",0.882956665,,
"EU5","Other EU","OCEAN","Ocean","2046","2046",0.902738462,,
"EU5","Other EU","OCEAN","Ocean","2047","2047",0.922298646,,
"EU5","Other EU","OCEAN","Ocean","2048","2048",0.941678377,,
"EU5","Other EU","OCEAN","Ocean","2049","2049",0.960803019,,
"EU5","Other EU","OCEAN","Ocean","2050","2050",0.979744861,,
"EU5","Other EU","OCEAN","Ocean","2051","2051",0.998473206,,
"EU5","Other EU","OCEAN","Ocean","2052","2052",1.017002247,,
"EU5","Other EU","OCEAN","Ocean","2053","2053",1.035354588,,
"EU5","Other EU","OCEAN","Ocean","2054","2054",1.053491225,,
"EU5","Other EU","OCEAN","Ocean","2055","2055",1.071451442,,
"EU5","Other EU","OCEAN","Ocean","2056","2056",1.089213655,,
"EU5","Other EU","OCEAN","Ocean","2057","2057",1.106799355,,
"EU5","Other EU","OCEAN","Ocean","2058","2058",1.124192212,,
"EU5","Other EU","OCEAN","Ocean","2059","2059",1.141425084,,
"EU5","Other EU","OCEAN","Ocean","2060","2060",1.158455413,,
"OCE","OECD Oceania","OCEAN","Ocean","2019","2019",0.2118559534,,
"OCE","OECD Oceania","OCEAN","Ocean","2020","2020",0.2264856093,,
"OCE","OECD Oceania","OCEAN","Ocean","2021","2021",0.2416060366,,
"OCE","OECD Oceania","OCEAN","Ocean","2022","2022",0.2572150853,,
"OCE","OECD Oceania","OCEAN","Ocean","2023","2023",0.2732582027,,
"OCE","OECD Oceania","OCEAN","Ocean","2024","2024",0.289717238,,
"OCE","OECD Oceania","OCEAN","Ocean","2025","2025",0.3065663778,,
"OCE","OECD Oceania","OCEAN","Ocean","2026","2026",0.3237644648,,
"OCE","OECD Oceania","OCEAN","Ocean","2027","2027",0.3412797157,,
"OCE","OECD Oceania","OCEAN","Ocean","2028","2028",0.3590728525,,
"OCE","OECD Oceania","OCEAN","Ocean","2029","2029",0.3771181364,,
"OCE","OECD Oceania","OCEAN","Ocean","2030","2030",0.3953669,,
"OCE","OECD Oceania","OCEAN","Ocean","2031","2031",0.4137970392,,
"OCE","OECD Oceania","OCEAN","Ocean","2032","2032",0.4323628186,,
"OCE","OECD Oceania","OCEAN","Ocean","2033","2033",0.451024478,,
"OCE","OECD Oceania","OCEAN","Ocean","2034","2034",0.469729588,,
"OCE","OECD Oceania","OCEAN","Ocean","2035","2035",0.4884338898,,
"OCE","OECD Oceania","OCEAN","Ocean","2036","2036",0.5070855408,,
"OCE","OECD Oceania","OCEAN","Ocean","2037","2037",0.5256249326,,
"OCE","OECD Oceania","OCEAN","Ocean","2038","2038",0.5439918192,,
"OCE","OECD Oceania","OCEAN","Ocean","2039","2039",0.5621290933,,
"OCE","OECD Oceania","OCEAN","Ocean","2040","2040",0.579995292,,
"OCE","OECD Oceania","OCEAN","Ocean","2041","2041",0.5975311736,,
"OCE","OECD Oceania","OCEAN","Ocean","2042","2042",0.6146787347,,
"OCE","OECD Oceania","OCEAN","Ocean","2043","2043",0.6313813947,,
"OCE","OECD Oceania","OCEAN","Ocean","2044","2044",0.6477420136,,
"OCE","OECD Oceania","OCEAN","Ocean","2045","2045",0.6637645112,,
"OCE","OECD Oceania","OCEAN","Ocean","2046","2046",0.679454575,,
"OCE","OECD Oceania","OCEAN","Ocean","2047","2047",0.694820307,,
"OCE","OECD Oceania","OCEAN","Ocean","2048","2048",0.709866295,,
"OCE","OECD Oceania","OCEAN","Ocean","2049","2049",0.724599132,,
"OCE","OECD Oceania","OCEAN","Ocean","2050","2050",0.739035951,,
"OCE","OECD Oceania","OCEAN","Ocean","2051","2051",0.753186572,,
"OCE","OECD Oceania","OCEAN","Ocean","2052","2052",0.76706377,,
"OCE","OECD Oceania","OCEAN","Ocean","2053","2053",0.780672607,,
"OCE","OECD Oceania","OCEAN","Ocean","2054","2054",0.794026764,,
"OCE","OECD Oceania","OCEAN","Ocean","2055","2055",0.80713495,,
"OCE","OECD Oceania","OCEAN","Ocean","2056","2056",0.820007658,,
"OCE","OECD Oceania","OCEAN","Ocean","2057","2057",0.832647686,,
"OCE","OECD Oceania","OCEAN","Ocean","2058","2058",0.845067023,,
"OCE","OECD Oceania","OCEAN","Ocean","2059","2059",0.857281054,,
"OCE","OECD Oceania","OCEAN","Ocean","2060","2060",0.869288209,,
"LAM","Latin America","FRESHWATER","Freshwater","2019","2019",52.99478,,
"LAM","Latin America","FRESHWATER","Freshwater","2020","2020",55.63667,,
"LAM","Latin America","FRESHWATER","Freshwater","2021","2021",58.2701,,
"LAM","Latin America","FRESHWATER","Freshwater","2022","2022",60.8759,,
"LAM","Latin America","FRESHWATER","Freshwater","2023","2023",63.42222,,
"LAM","Latin America","FRESHWATER","Freshwater","2024","2024",65.93976,,
"LAM","Latin America","FRESHWATER","Freshwater","2025","2025",68.42765,,
"LAM","Latin America","FRESHWATER","Freshwater","2026","2026",70.88003,,
"LAM","Latin America","FRESHWATER","Freshwater","2027","2027",73.29232,,
"LAM","Latin America","FRESHWATER","Freshwater","2028","2028",75.66438,,
"LAM","Latin America","FRESHWATER","Freshwater","2029","2029",77.9992,,
"LAM","Latin America","FRESHWATER","Freshwater","2030","2030",80.30026,,
"LAM","Latin America","FRESHWATER","Freshwater","2031","2031",82.60002,,
"LAM","Latin America","FRESHWATER","Freshwater","2032","2032",84.87891,,
"LAM","Latin America","FRESHWATER","Freshwater","2033","2033",87.14096,,
"LAM","Latin America","FRESHWATER","Freshwater","2034","2034",89.39225,,
"LAM","Latin America","FRESHWATER","Freshwater","2035","2035",91.63369,,
"LAM","Latin America","FRESHWATER","Freshwater","2036","2036",93.86453,,
"LAM","Latin America","FRESHWATER","Freshwater","2037","2037",96.0838,,
"LAM","Latin America","FRESHWATER","Freshwater","2038","2038",98.29135,,
"LAM","Latin America","FRESHWATER","Freshwater","2039","2039",100.4847,,
"LAM","Latin America","FRESHWATER","Freshwater","2040","2040",102.67076,,
"LAM","Latin America","FRESHWATER","Freshwater","2041","2041",104.85102,,
"LAM","Latin America","FRESHWATER","Freshwater","2042","2042",107.02592,,
"LAM","Latin America","FRESHWATER","Freshwater","2043","2043",109.19628,,
"LAM","Latin America","FRESHWATER","Freshwater","2044","2044",111.36258,,
"LAM","Latin America","FRESHWATER","Freshwater","2045","2045",113.52448,,
"LAM","Latin America","FRESHWATER","Freshwater","2046","2046",115.68065,,
"LAM","Latin America","FRESHWATER","Freshwater","2047","2047",117.82855,,
"LAM","Latin America","FRESHWATER","Freshwater","2048","2048",119.96604,,
"LAM","Latin America","FRESHWATER","Freshwater","2049","2049",122.09218,,
"LAM","Latin America","FRESHWATER","Freshwater","2050","2050",124.19055,,
"LAM","Latin America","FRESHWATER","Freshwater","2051","2051",126.26117,,
"LAM","Latin America","FRESHWATER","Freshwater","2052","2052",128.30198,,
"LAM","Latin America","FRESHWATER","Freshwater","2053","2053",130.3116,,
"LAM","Latin America","FRESHWATER","Freshwater","2054","2054",132.28816,,
"LAM","Latin America","FRESHWATER","Freshwater","2055","2055",134.23002,,
"LAM","Latin America","FRESHWATER","Freshwater","2056","2056",136.13538,,
"LAM","Latin America","FRESHWATER","Freshwater","2057","2057",138.0019,,
"LAM","Latin America","FRESHWATER","Freshwater","2058","2058",139.82766,,
"LAM","Latin America","FRESHWATER","Freshwater","2059","2059",141.60983,,
"LAM","Latin America","FRESHWATER","Freshwater","2060","2060",143.3499,,
"CAN1","Canada","OCEAN","Ocean","2019","2019",3.039565527,,
"CAN1","Canada","OCEAN","Ocean","2020","2020",3.152750285,,
"CAN1","Canada","OCEAN","Ocean","2021","2021",3.266829114,,
"CAN1","Canada","OCEAN","Ocean","2022","2022",3.381770829,,
"CAN1","Canada","OCEAN","Ocean","2023","2023",3.497387828,,
"CAN1","Canada","OCEAN","Ocean","2024","2024",3.613527119,,
"CAN1","Canada","OCEAN","Ocean","2025","2025",3.730088974,,
"CAN1","Canada","OCEAN","Ocean","2026","2026",3.846914541,,
"CAN1","Canada","OCEAN","Ocean","2027","2027",3.96384432,,
"CAN1","Canada","OCEAN","Ocean","2028","2028",4.080823319,,
"CAN1","Canada","OCEAN","Ocean","2029","2029",4.197693497,,
"CAN1","Canada","OCEAN","Ocean","2030","2030",4.314370914,,
"CAN1","Canada","OCEAN","Ocean","2031","2031",4.430737996,,
"CAN1","Canada","OCEAN","Ocean","2032","2032",4.546731731,,
"CAN1","Canada","OCEAN","Ocean","2033","2033",4.662211863,,
"CAN1","Canada","OCEAN","Ocean","2034","2034",4.777113193,,
"CAN1","Canada","OCEAN","Ocean","2035","2035",4.89131607,,
"CAN1","Canada","OCEAN","Ocean","2036","2036",5.004710114,,
"CAN1","Canada","OCEAN","Ocean","2037","2037",5.117188581,,
"CAN1","Canada","OCEAN","Ocean","2038","2038",5.22860648,,
"CAN1","Canada","OCEAN","Ocean","2039","2039",5.338884628,,
"CAN1","Canada","OCEAN","Ocean","2040","2040",5.447861766,,
"CAN1","Canada","OCEAN","Ocean","2041","2041",5.55544416,,
"CAN1","Canada","OCEAN","Ocean","2042","2042",5.66151562,,
"CAN1","Canada","OCEAN","Ocean","2043","2043",5.76596884,,
"CAN1","Canada","OCEAN","Ocean","2044","2044",5.86866279,,
"CAN1","Canada","OCEAN","Ocean","2045","2045",5.96949616,,
"CAN1","Canada","OCEAN","Ocean","2046","2046",6.06835715,,
"CAN1","Canada","OCEAN","Ocean","2047","2047",6.16508631,,
"CAN1","Canada","OCEAN","Ocean","2048","2048",6.25958628,,
"CAN1","Canada","OCEAN","Ocean","2049","2049",6.3517474,,
"CAN1","Canada","OCEAN","Ocean","2050","2050",6.44151824,,
"CAN1","Canada","OCEAN","Ocean","2051","2051",6.52881394,,
"CAN1","Canada","OCEAN","Ocean","2052","2052",6.61380326,,
"CAN1","Canada","OCEAN","Ocean","2053","2053",6.69656406,,
"CAN1","Canada","OCEAN","Ocean","2054","2054",6.77718305,,
"CAN1","Canada","OCEAN","Ocean","2055","2055",6.85570551,,
"CAN1","Canada","OCEAN","Ocean","2056","2056",6.93223013,,
"CAN1","Canada","OCEAN","Ocean","2057","2057",7.00678182,,
"CAN1","Canada","OCEAN","Ocean","2058","2058",7.07945543,,
"CAN1","Canada","OCEAN","Ocean","2059","2059",7.15028507,,
"CAN1","Canada","OCEAN","Ocean","2060","2060",7.21933181,,
"IND1","India","OCEAN","Ocean","2019","2019",8.56417705,,
"IND1","India","OCEAN","Ocean","2020","2020",9.31230741,,
"IND1","India","OCEAN","Ocean","2021","2021",10.10162335,,
"IND1","India","OCEAN","Ocean","2022","2022",10.9302773,,
"IND1","India","OCEAN","Ocean","2023","2023",11.7959991,,
"IND1","India","OCEAN","Ocean","2024","2024",12.6980067,,
"IND1","India","OCEAN","Ocean","2025","2025",13.63579069,,
"IND1","India","OCEAN","Ocean","2026","2026",14.60899548,,
"IND1","India","OCEAN","Ocean","2027","2027",15.61755286,,
"IND1","India","OCEAN","Ocean","2028","2028",16.66117258,,
"IND1","India","OCEAN","Ocean","2029","2029",17.73978116,,
"IND1","India","OCEAN","Ocean","2030","2030",18.8539985,,
"IND1","India","OCEAN","Ocean","2031","2031",20.00488412,,
"IND1","India","OCEAN","Ocean","2032","2032",21.19234636,,
"IND1","India","OCEAN","Ocean","2033","2033",22.41674829,,
"IND1","India","OCEAN","Ocean","2034","2034",23.6790676,,
"IND1","India","OCEAN","Ocean","2035","2035",24.98003817,,
"IND1","India","OCEAN","Ocean","2036","2036",26.31997913,,
"IND1","India","OCEAN","Ocean","2037","2037",27.69905408,,
"IND1","India","OCEAN","Ocean","2038","2038",29.11724164,,
"IND1","India","OCEAN","Ocean","2039","2039",30.57449307,,
"IND1","India","OCEAN","Ocean","2040","2040",32.07094548,,
"IND1","India","OCEAN","Ocean","2041","2041",33.60661273,,
"IND1","India","OCEAN","Ocean","2042","2042",35.18142881,,
"IND1","India","OCEAN","Ocean","2043","2043",36.79541061,,
"IND1","India","OCEAN","Ocean","2044","2044",38.4487802,,
"IND1","India","OCEAN","Ocean","2045","2045",40.14111285,,
"IND1","India","OCEAN","Ocean","2046","2046",41.87225583,,
"IND1","India","OCEAN","Ocean","2047","2047",43.64114625,,
"IND1","India","OCEAN","Ocean","2048","2048",45.4472264,,
"IND1","India","OCEAN","Ocean","2049","2049",47.28994691,,
"IND1","India","OCEAN","Ocean","2050","2050",49.16633067,,
"IND1","India","OCEAN","Ocean","2051","2051",51.07530655,,
"IND1","India","OCEAN","Ocean","2052","2052",53.01508943,,
"IND1","India","OCEAN","Ocean","2053","2053",54.98398862,,
"IND1","India","OCEAN","Ocean","2054","2054",56.9803238,,
"IND1","India","OCEAN","Ocean","2055","2055",59.00180685,,
"IND1","India","OCEAN","Ocean","2056","2056",61.04670612,,
"IND1","India","OCEAN","Ocean","2057","2057",63.11249118,,
"IND1","India","OCEAN","Ocean","2058","2058",65.19690915,,
"IND1","India","OCEAN","Ocean","2059","2059",67.29807509,,
"IND1","India","OCEAN","Ocean","2060","2060",69.41548975,,
"OAM","Other OECD America","FRESHWATER","Freshwater","2019","2019",18.949057,,
"OAM","Other OECD America","FRESHWATER","Freshwater","2020","2020",19.577295,,
"OAM","Other OECD America","FRESHWATER","Freshwater","2021","2021",20.194263,,
"OAM","Other OECD America","FRESHWATER","Freshwater","2022","2022",20.798514,,
"OAM","Other OECD America","FRESHWATER","Freshwater","2023","2023",21.379421,,
"OAM","Other OECD America","FRESHWATER","Freshwater","2024","2024",21.942844,,
"OAM","Other OECD America","FRESHWATER","Freshwater","2025","2025",22.48807,,
"OAM","Other OECD America","FRESHWATER","Freshwater","2026","2026",23.01462,,
"OAM","Other OECD America","FRESHWATER","Freshwater","2027","2027",23.52236,,
"OAM","Other OECD America","FRESHWATER","Freshwater","2028","2028",24.012,,
"OAM","Other OECD America","FRESHWATER","Freshwater","2029","2029",24.485,,
"OAM","Other OECD America","FRESHWATER","Freshwater","2030","2030",24.943,,
"OAM","Other OECD America","FRESHWATER","Freshwater","2031","2031",25.39251,,
"OAM","Other OECD America","FRESHWATER","Freshwater","2032","2032",25.83032,,
"OAM","Other OECD America","FRESHWATER","Freshwater","2033","2033",26.25706,,
"OAM","Other OECD America","FRESHWATER","Freshwater","2034","2034",26.67443,,
"OAM","Other OECD America","FRESHWATER","Freshwater","2035","2035",27.083,,
"OAM","Other OECD America","FRESHWATER","Freshwater","2036","2036",27.4837,,
"OAM","Other OECD America","FRESHWATER","Freshwater","2037","2037",27.87543,,
"OAM","Other OECD America","FRESHWATER","Freshwater","2038","2038",28.258,,
"OAM","Other OECD America","FRESHWATER","Freshwater","2039","2039",28.63126,,
"OAM","Other OECD America","FRESHWATER","Freshwater","2040","2040",29.01578,,
"OAM","Other OECD America","FRESHWATER","Freshwater","2041","2041",29.40957,,
"OAM","Other OECD America","FRESHWATER","Freshwater","2042","2042",29.81147,,
"OAM","Other OECD America","FRESHWATER","Freshwater","2043","2043",30.22054,,
"OAM","Other OECD America","FRESHWATER","Freshwater","2044","2044",30.63648,,
"OAM","Other OECD America","FRESHWATER","Freshwater","2045","2045",31.05766,,
"OAM","Other OECD America","FRESHWATER","Freshwater","2046","2046",31.48348,,
"OAM","Other OECD America","FRESHWATER","Freshwater","2047","2047",31.91278,,
"OAM","Other OECD America","FRESHWATER","Freshwater","2048","2048",32.34464,,
"OAM","Other OECD America","FRESHWATER","Freshwater","2049","2049",32.7775,,
"OAM","Other OECD America","FRESHWATER","Freshwater","2050","2050",33.19722,,
"OAM","Other OECD America","FRESHWATER","Freshwater","2051","2051",33.604,,
"OAM","Other OECD America","FRESHWATER","Freshwater","2052","2052",33.99749,,
"OAM","Other OECD America","FRESHWATER","Freshwater","2053","2053",34.37641,,
"OAM","Other OECD America","FRESHWATER","Freshwater","2054","2054",34.73978,,
"OAM","Other OECD America","FRESHWATER","Freshwater","2055","2055",35.08626,,
"OAM","Other OECD America","FRESHWATER","Freshwater","2056","2056",35.41449,,
"OAM","Other OECD America","FRESHWATER","Freshwater","2057","2057",35.72683,,
"OAM","Other OECD America","FRESHWATER","Freshwater","2058","2058",36.0261,,
"OAM","Other OECD America","FRESHWATER","Freshwater","2059","2059",36.31173,,
"OAM","Other OECD America","FRESHWATER","Freshwater","2060","2060",36.58867,,
